Workbook

Sheet قوائم_النظام
A1: الكل
A2: الإدارة العامة - القدس
A3: البرنامج الدولي
A4: العلاقات العامة
A5: دائرة التخطيط والجودة
A6: شؤون الطلبة
A7: عمادة الدراسات العليا والبحث العلمي_compressed (1)
A8: عمادة القبول والتسجيل والامتحانات_compressed (1)
A9: فرع الخليل
A10: فرع القدس
A11: فرع بيت لحم
A12: فرع جنين
... A23: مركز تكنولوجيا المعلومات

Sheet البيانات_الأساسية
A1: الفرع | B1: اسم الموظف | C1: إجمالي الدقائق | D1: إجمالي الساعات | E1: عدد التأخيرات | F1: متوسط التأخير | G1: الأشهر المسجلة | H1: Match_Flag | I1: Running_Count
A2: فرع رام الله والبيرة | B2: عز الدين محمد مصطفى أبو نزهة | C2: 7969 | D2: 132.82 | E2: 90 | F2: 88.54 | G2: 01، 02، 03، 04، 05، 06، 07 | H2: =IF(OR(لوحة_القيادة!$C$4="الكل", A2=لوحة_القيادة!$C$4), 1, 0) -> 0 | I2: =IF(H2=1, SUM($H$2:H2), "") -> 0
A3: فرع رام الله والبيرة | B3: محمد رزق رشيد دارأحمد | C3: 6358 | D3: 105.97 | E3: 76 | F3: 83.66 | G3: 01، 02، 03، 04، 05، 06، 07 | H3: =IF(OR(لوحة_القيادة!$C$4="الكل", A3=لوحة_القيادة!$C$4), 1, 0) -> 0 | I3: =IF(H3=1, SUM($H$2:H3), "") -> 0
A4: الإدارة العامة - القدس | B4: رامي نجيب محمود خليل | C4: 5561 | D4: 92.68 | E4: 73 | F4: 76.18 | G4: 01، 02، 03، 04، 05، 06، 07 | H4: =IF(OR(لوحة_القيادة!$C$4="الكل", A4=لوحة_القيادة!$C$4), 1, 0) -> 0 | I4: =IF(H4=1, SUM($H$2:H4), "") -> 0
A5: مركز التعليم الرقمي | B5: ابراهيم محمد ابراهيم ابو تركي | C5: 4976 | D5: 82.93 | E5: 105 | F5: 47.39 | G5: 01، 02، 03، 04، 05، 06، 07 | H5: =IF(OR(لوحة_القيادة!$C$4="الكل", A5=لوحة_القيادة!$C$4), 1, 0) -> 0 | I5: =IF(H5=1, SUM($H$2:H5), "") -> 0
A6: عمادة القبول والتسجيل والامتحانات_compressed (1) | B6: احمد ابراهيم محمد دلال | C6: 4940 | D6: 82.33 | E6: 96 | F6: 51.46 | G6: 01، 02، 03، 04، 05، 06، 07 | H6: =IF(OR(لوحة_القيادة!$C$4="الكل", A6=لوحة_القيادة!$C$4), 1, 0) -> 0 | I6: =IF(H6=1, SUM($H$2:H6), "") -> 0
A7: مركز التعليم الرقمي | B7: فؤاد محمد مصطفى صالح | C7: 4026 | D7: 67.1 | E7: 101 | F7: 39.86 | G7: 01، 02، 03، 04، 05، 06، 07 | H7: =IF(OR(لوحة_القيادة!$C$4="الكل", A7=لوحة_القيادة!$C$4), 1, 0) -> 0 | I7: =IF(H7=1, SUM($H$2:H7), "") -> 0
A8: الإدارة العامة - القدس | B8: باسمة احمد محمد ابوعواد | C8: 3922 | D8: 65.37 | E8: 90 | F8: 43.58 | G8: 01، 02، 03، 04، 05، 06، 07 | H8: =IF(OR(لوحة_القيادة!$C$4="الكل", A8=لوحة_القيادة!$C$4), 1, 0) -> 0 | I8: =IF(H8=1, SUM($H$2:H8), "") -> 0
A9: فرع جنين | B9: حسن فايز حسن قصراوي | C9: 3511 | D9: 58.52 | E9: 64 | F9: 54.86 | G9: 01، 02، 03، 04، 05، 06، 07 | H9: =IF(OR(لوحة_القيادة!$C$4="الكل", A9=لوحة_القيادة!$C$4), 1, 0) -> 0 | I9: =IF(H9=1, SUM($H$2:H9), "") -> 0
A10: عمادة القبول والتسجيل والامتحانات_compressed (1) | B10: احمد حسني حسن سلمان | C10: 3475 | D10: 57.92 | E10: 90 | F10: 38.61 | G10: 01، 02، 03، 04، 05، 06، 07 | H10: =IF(OR(لوحة_القيادة!$C$4="الكل", A10=لوحة_القيادة!$C$4), 1, 0) -> 0 | I10: =IF(H10=1, SUM($H$2:H10), "") -> 0
A11: عمادة القبول والتسجيل والامتحانات_compressed (1) | B11: ميسون محمد موسى حموده | C11: 3394 | D11: 56.57 | E11: 98 | F11: 34.63 | G11: 01، 02، 03، 04، 05، 06، 07 | H11: =IF(OR(لوحة_القيادة!$C$4="الكل", A11=لوحة_القيادة!$C$4), 1, 0) -> 0 | I11: =IF(H11=1, SUM($H$2:H11), "") -> 0
A12: فرع طولكرم | B12: جهاد تحسين أحمد طقاطقة | C12: 3356 | D12: 55.93 | E12: 69 | F12: 48.64 | G12: 01، 02، 03، 04، 05، 06، 07 | H12: =IF(OR(لوحة_القيادة!$C$4="الكل", A12=لوحة_القيادة!$C$4), 1, 0) -> 0 | I12: =IF(H12=1, SUM($H$2:H12), "") -> 0
A13: عمادة الدراسات العليا والبحث العلمي_compressed (1) | B13: كميل غالب محمد زيد | C13: 3355 | D13: 55.92 | E13: 91 | F13: 36.87 | G13: 01، 02، 03، 04، 05، 06، 07 | H13: =IF(OR(لوحة_القيادة!$C$4="الكل", A13=لوحة_القيادة!$C$4), 1, 0) -> 0 | I13: =IF(H13=1, SUM($H$2:H13), "") -> 0
... A455: فرع طولكرم | B455: سعادة خالد محمد ابو شملة | C455: 1 | D455: 0.02 | E455: 1 | F455: 1 | G455: 01، 03، 04، 07 | H455: =IF(OR(لوحة_القيادة!$C$4="الكل", A455=لوحة_القيادة!$C$4), 1, 0) -> 0 | I455: =IF(H455=1, SUM($H$2:H455), "") -> 0

Sheet لوحة_القيادة
B2: المنصة الإدارية الذكية لتحليل الالتزام (بدون Pivot)
B4: اختر الفرع للتحليل: | C4: الكل
B6: إجمالي الموظفين | D6: إجمالي التأخيرات | F6: إجمالي الدقائق | H6: إجمالي الساعات
B7: =IF($C$4="الكل", COUNTA(البيانات_الأساسية!B:B)-1, COUNTIF(البيانات_الأساسية!A:A, $C$4)) -> 0 | D7: =IF($C$4="الكل", SUM(البيانات_الأساسية!E:E), SUMIF(البيانات_الأساسية!A:A, $C$4, البيانات_الأساسية!E:E)) -> 0 | F7: =IF($C$4="الكل", SUM(البيانات_الأساسية!C:C), SUMIF(البيانات_الأساسية!A:A, $C$4, البيانات_الأساسية!C:C)) -> 0 | H7: =IF($C$4="الكل", SUM(البيانات_الأساسية!D:D), SUMIF(البيانات_الأساسية!A:A, $C$4, البيانات_الأساسية!D:D)) -> 0
B10: الجدول التفاعلي للموظفين (يتغير فوراً باختيار الفرع من الأعلى)
B12: الفرع | C12: اسم الموظف | D12: إجمالي الدقائق | E12: إجمالي الساعات | F12: عدد التأخيرات | G12: متوسط التأخير | H12: الأشهر المسجلة
B13: =IFERROR(INDEX(البيانات_الأساسية!A:A, MATCH(1, البيانات_الأساسية!$I:$I, 0)), "") -> 0 | C13: =IFERROR(INDEX(البيانات_الأساسية!B:B, MATCH(1, البيانات_الأساسية!$I:$I, 0)), "") -> 0 | D13: =IFERROR(INDEX(البيانات_الأساسية!C:C, MATCH(1, البيانات_الأساسية!$I:$I, 0)), "") -> 0 | E13: =IFERROR(INDEX(البيانات_الأساسية!D:D, MATCH(1, البيانات_الأساسية!$I:$I, 0)), "") -> 0 | F13: =IFERROR(INDEX(البيانات_الأساسية!E:E, MATCH(1, البيانات_الأساسية!$I:$I, 0)), "") -> 0 | G13: =IFERROR(INDEX(البيانات_الأساسية!F:F, MATCH(1, البيانات_الأساسية!$I:$I, 0)), "") -> 0 | H13: =IFERROR(INDEX(البيانات_الأساسية!G:G, MATCH(1, البيانات_الأساسية!$I:$I, 0)), "") -> 0
B14: =IFERROR(INDEX(البيانات_الأساسية!A:A, MATCH(2, البيانات_الأساسية!$I:$I, 0)), "") -> 0 | C14: =IFERROR(INDEX(البيانات_الأساسية!B:B, MATCH(2, البيانات_الأساسية!$I:$I, 0)), "") -> 0 | D14: =IFERROR(INDEX(البيانات_الأساسية!C:C, MATCH(2, البيانات_الأساسية!$I:$I, 0)), "") -> 0 | E14: =IFERROR(INDEX(البيانات_الأساسية!D:D, MATCH(2, البيانات_الأساسية!$I:$I, 0)), "") -> 0 | F14: =IFERROR(INDEX(البيانات_الأساسية!E:E, MATCH(2, البيانات_الأساسية!$I:$I, 0)), "") -> 0 | G14: =IFERROR(INDEX(البيانات_الأساسية!F:F, MATCH(2, البيانات_الأساسية!$I:$I, 0)), "") -> 0 | H14: =IFERROR(INDEX(البيانات_الأساسية!G:G, MATCH(2, البيانات_الأساسية!$I:$I, 0)), "") -> 0
B15: =IFERROR(INDEX(البيانات_الأساسية!A:A, MATCH(3, البيانات_الأساسية!$I:$I, 0)), "") -> 0 | C15: =IFERROR(INDEX(البيانات_الأساسية!B:B, MATCH(3, البيانات_الأساسية!$I:$I, 0)), "") -> 0 | D15: =IFERROR(INDEX(البيانات_الأساسية!C:C, MATCH(3, البيانات_الأساسية!$I:$I, 0)), "") -> 0 | E15: =IFERROR(INDEX(البيانات_الأساسية!D:D, MATCH(3, البيانات_الأساسية!$I:$I, 0)), "") -> 0 | F15: =IFERROR(INDEX(البيانات_الأساسية!E:E, MATCH(3, البيانات_الأساسية!$I:$I, 0)), "") -> 0 | G15: =IFERROR(INDEX(البيانات_الأساسية!F:F, MATCH(3, البيانات_الأساسية!$I:$I, 0)), "") -> 0 | H15: =IFERROR(INDEX(البيانات_الأساسية!G:G, MATCH(3, البيانات_الأساسية!$I:$I, 0)), "") -> 0
B16: =IFERROR(INDEX(البيانات_الأساسية!A:A, MATCH(4, البيانات_الأساسية!$I:$I, 0)), "") -> 0 | C16: =IFERROR(INDEX(البيانات_الأساسية!B:B, MATCH(4, البيانات_الأساسية!$I:$I, 0)), "") -> 0 | D16: =IFERROR(INDEX(البيانات_الأساسية!C:C, MATCH(4, البيانات_الأساسية!$I:$I, 0)), "") -> 0 | E16: =IFERROR(INDEX(البيانات_الأساسية!D:D, MATCH(4, البيانات_الأساسية!$I:$I, 0)), "") -> 0 | F16: =IFERROR(INDEX(البيانات_الأساسية!E:E, MATCH(4, البيانات_الأساسية!$I:$I, 0)), "") -> 0 | G16: =IFERROR(INDEX(البيانات_الأساسية!F:F, MATCH(4, البيانات_الأساسية!$I:$I, 0)), "") -> 0 | H16: =IFERROR(INDEX(البيانات_الأساسية!G:G, MATCH(4, البيانات_الأساسية!$I:$I, 0)), "") -> 0
B17: =IFERROR(INDEX(البيانات_الأساسية!A:A, MATCH(5, البيانات_الأساسية!$I:$I, 0)), "") -> 0 | C17: =IFERROR(INDEX(البيانات_الأساسية!B:B, MATCH(5, البيانات_الأساسية!$I:$I, 0)), "") -> 0 | D17: =IFERROR(INDEX(البيانات_الأساسية!C:C, MATCH(5, البيانات_الأساسية!$I:$I, 0)), "") -> 0 | E17: =IFERROR(INDEX(البيانات_الأساسية!D:D, MATCH(5, البيانات_الأساسية!$I:$I, 0)), "") -> 0 | F17: =IFERROR(INDEX(البيانات_الأساسية!E:E, MATCH(5, البيانات_الأساسية!$I:$I, 0)), "") -> 0 | G17: =IFERROR(INDEX(البيانات_الأساسية!F:F, MATCH(5, البيانات_الأساسية!$I:$I, 0)), "") -> 0 | H17: =IFERROR(INDEX(البيانات_الأساسية!G:G, MATCH(5, البيانات_الأساسية!$I:$I, 0)), "") -> 0
B18: =IFERROR(INDEX(البيانات_الأساسية!A:A, MATCH(6, البيانات_الأساسية!$I:$I, 0)), "") -> 0 | C18: =IFERROR(INDEX(البيانات_الأساسية!B:B, MATCH(6, البيانات_الأساسية!$I:$I, 0)), "") -> 0 | D18: =IFERROR(INDEX(البيانات_الأساسية!C:C, MATCH(6, البيانات_الأساسية!$I:$I, 0)), "") -> 0 | E18: =IFERROR(INDEX(البيانات_الأساسية!D:D, MATCH(6, البيانات_الأساسية!$I:$I, 0)), "") -> 0 | F18: =IFERROR(INDEX(البيانات_الأساسية!E:E, MATCH(6, البيانات_الأساسية!$I:$I, 0)), "") -> 0 | G18: =IFERROR(INDEX(البيانات_الأساسية!F:F, MATCH(6, البيانات_الأساسية!$I:$I, 0)), "") -> 0 | H18: =IFERROR(INDEX(البيانات_الأساسية!G:G, MATCH(6, البيانات_الأساسية!$I:$I, 0)), "") -> 0
B19: =IFERROR(INDEX(البيانات_الأساسية!A:A, MATCH(7, البيانات_الأساسية!$I:$I, 0)), "") -> 0 | C19: =IFERROR(INDEX(البيانات_الأساسية!B:B, MATCH(7, البيانات_الأساسية!$I:$I, 0)), "") -> 0 | D19: =IFERROR(INDEX(البيانات_الأساسية!C:C, MATCH(7, البيانات_الأساسية!$I:$I, 0)), "") -> 0 | E19: =IFERROR(INDEX(البيانات_الأساسية!D:D, MATCH(7, البيانات_الأساسية!$I:$I, 0)), "") -> 0 | F19: =IFERROR(INDEX(البيانات_الأساسية!E:E, MATCH(7, البيانات_الأساسية!$I:$I, 0)), "") -> 0 | G19: =IFERROR(INDEX(البيانات_الأساسية!F:F, MATCH(7, البيانات_الأساسية!$I:$I, 0)), "") -> 0 | H19: =IFERROR(INDEX(البيانات_الأساسية!G:G, MATCH(7, البيانات_الأساسية!$I:$I, 0)), "") -> 0
B20: =IFERROR(INDEX(البيانات_الأساسية!A:A, MATCH(8, البيانات_الأساسية!$I:$I, 0)), "") -> 0 | C20: =IFERROR(INDEX(البيانات_الأساسية!B:B, MATCH(8, البيانات_الأساسية!$I:$I, 0)), "") -> 0 | D20: =IFERROR(INDEX(البيانات_الأساسية!C:C, MATCH(8, البيانات_الأساسية!$I:$I, 0)), "") -> 0 | E20: =IFERROR(INDEX(البيانات_الأساسية!D:D, MATCH(8, البيانات_الأساسية!$I:$I, 0)), "") -> 0 | F20: =IFERROR(INDEX(البيانات_الأساسية!E:E, MATCH(8, البيانات_الأساسية!$I:$I, 0)), "") -> 0 | G20: =IFERROR(INDEX(البيانات_الأساسية!F:F, MATCH(8, البيانات_الأساسية!$I:$I, 0)), "") -> 0 | H20: =IFERROR(INDEX(البيانات_الأساسية!G:G, MATCH(8, البيانات_الأساسية!$I:$I, 0)), "") -> 0
B21: =IFERROR(INDEX(البيانات_الأساسية!A:A, MATCH(9, البيانات_الأساسية!$I:$I, 0)), "") -> 0 | C21: =IFERROR(INDEX(البيانات_الأساسية!B:B, MATCH(9, البيانات_الأساسية!$I:$I, 0)), "") -> 0 | D21: =IFERROR(INDEX(البيانات_الأساسية!C:C, MATCH(9, البيانات_الأساسية!$I:$I, 0)), "") -> 0 | E21: =IFERROR(INDEX(البيانات_الأساسية!D:D, MATCH(9, البيانات_الأساسية!$I:$I, 0)), "") -> 0 | F21: =IFERROR(INDEX(البيانات_الأساسية!E:E, MATCH(9, البيانات_الأساسية!$I:$I, 0)), "") -> 0 | G21: =IFERROR(INDEX(البيانات_الأساسية!F:F, MATCH(9, البيانات_الأساسية!$I:$I, 0)), "") -> 0 | H21: =IFERROR(INDEX(البيانات_الأساسية!G:G, MATCH(9, البيانات_الأساسية!$I:$I, 0)), "") -> 0
B22: =IFERROR(INDEX(البيانات_الأساسية!A:A, MATCH(10, البيانات_الأساسية!$I:$I, 0)), "") -> 0 | C22: =IFERROR(INDEX(البيانات_الأساسية!B:B, MATCH(10, البيانات_الأساسية!$I:$I, 0)), "") -> 0 | D22: =IFERROR(INDEX(البيانات_الأساسية!C:C, MATCH(10, البيانات_الأساسية!$I:$I, 0)), "") -> 0 | E22: =IFERROR(INDEX(البيانات_الأساسية!D:D, MATCH(10, البيانات_الأساسية!$I:$I, 0)), "") -> 0 | F22: =IFERROR(INDEX(البيانات_الأساسية!E:E, MATCH(10, البيانات_الأساسية!$I:$I, 0)), "") -> 0 | G22: =IFERROR(INDEX(البيانات_الأساسية!F:F, MATCH(10, البيانات_الأساسية!$I:$I, 0)), "") -> 0 | H22: =IFERROR(INDEX(البيانات_الأساسية!G:G, MATCH(10, البيانات_الأساسية!$I:$I, 0)), "") -> 0
B23: =IFERROR(INDEX(البيانات_الأساسية!A:A, MATCH(11, البيانات_الأساسية!$I:$I, 0)), "") -> 0 | C23: =IFERROR(INDEX(البيانات_الأساسية!B:B, MATCH(11, البيانات_الأساسية!$I:$I, 0)), "") -> 0 | D23: =IFERROR(INDEX(البيانات_الأساسية!C:C, MATCH(11, البيانات_الأساسية!$I:$I, 0)), "") -> 0 | E23: =IFERROR(INDEX(البيانات_الأساسية!D:D, MATCH(11, البيانات_الأساسية!$I:$I, 0)), "") -> 0 | F23: =IFERROR(INDEX(البيانات_الأساسية!E:E, MATCH(11, البيانات_الأساسية!$I:$I, 0)), "") -> 0 | G23: =IFERROR(INDEX(البيانات_الأساسية!F:F, MATCH(11, البيانات_الأساسية!$I:$I, 0)), "") -> 0 | H23: =IFERROR(INDEX(البيانات_الأساسية!G:G, MATCH(11, البيانات_الأساسية!$I:$I, 0)), "") -> 0
B24: =IFERROR(INDEX(البيانات_الأساسية!A:A, MATCH(12, البيانات_الأساسية!$I:$I, 0)), "") -> 0 | C24: =IFERROR(INDEX(البيانات_الأساسية!B:B, MATCH(12, البيانات_الأساسية!$I:$I, 0)), "") -> 0 | D24: =IFERROR(INDEX(البيانات_الأساسية!C:C, MATCH(12, البيانات_الأساسية!$I:$I, 0)), "") -> 0 | E24: =IFERROR(INDEX(البيانات_الأساسية!D:D, MATCH(12, البيانات_الأساسية!$I:$I, 0)), "") -> 0 | F24: =IFERROR(INDEX(البيانات_الأساسية!E:E, MATCH(12, البيانات_الأساسية!$I:$I, 0)), "") -> 0 | G24: =IFERROR(INDEX(البيانات_الأساسية!F:F, MATCH(12, البيانات_الأساسية!$I:$I, 0)), "") -> 0 | H24: =IFERROR(INDEX(البيانات_الأساسية!G:G, MATCH(12, البيانات_الأساسية!$I:$I, 0)), "") -> 0
B25: =IFERROR(INDEX(البيانات_الأساسية!A:A, MATCH(13, البيانات_الأساسية!$I:$I, 0)), "") -> 0 | C25: =IFERROR(INDEX(البيانات_الأساسية!B:B, MATCH(13, البيانات_الأساسية!$I:$I, 0)), "") -> 0 | D25: =IFERROR(INDEX(البيانات_الأساسية!C:C, MATCH(13, البيانات_الأساسية!$I:$I, 0)), "") -> 0 | E25: =IFERROR(INDEX(البيانات_الأساسية!D:D, MATCH(13, البيانات_الأساسية!$I:$I, 0)), "") -> 0 | F25: =IFERROR(INDEX(البيانات_الأساسية!E:E, MATCH(13, البيانات_الأساسية!$I:$I, 0)), "") -> 0 | G25: =IFERROR(INDEX(البيانات_الأساسية!F:F, MATCH(13, البيانات_الأساسية!$I:$I, 0)), "") -> 0 | H25: =IFERROR(INDEX(البيانات_الأساسية!G:G, MATCH(13, البيانات_الأساسية!$I:$I, 0)), "") -> 0
B26: =IFERROR(INDEX(البيانات_الأساسية!A:A, MATCH(14, البيانات_الأساسية!$I:$I, 0)), "") -> 0 | C26: =IFERROR(INDEX(البيانات_الأساسية!B:B, MATCH(14, البيانات_الأساسية!$I:$I, 0)), "") -> 0 | D26: =IFERROR(INDEX(البيانات_الأساسية!C:C, MATCH(14, البيانات_الأساسية!$I:$I, 0)), "") -> 0 | E26: =IFERROR(INDEX(البيانات_الأساسية!D:D, MATCH(14, البيانات_الأساسية!$I:$I, 0)), "") -> 0 | F26: =IFERROR(INDEX(البيانات_الأساسية!E:E, MATCH(14, البيانات_الأساسية!$I:$I, 0)), "") -> 0 | G26: =IFERROR(INDEX(البيانات_الأساسية!F:F, MATCH(14, البيانات_الأساسية!$I:$I, 0)), "") -> 0 | H26: =IFERROR(INDEX(البيانات_الأساسية!G:G, MATCH(14, البيانات_الأساسية!$I:$I, 0)), "") -> 0
B27: =IFERROR(INDEX(البيانات_الأساسية!A:A, MATCH(15, البيانات_الأساسية!$I:$I, 0)), "") -> 0 | C27: =IFERROR(INDEX(البيانات_الأساسية!B:B, MATCH(15, البيانات_الأساسية!$I:$I, 0)), "") -> 0 | D27: =IFERROR(INDEX(البيانات_الأساسية!C:C, MATCH(15, البيانات_الأساسية!$I:$I, 0)), "") -> 0 | E27: =IFERROR(INDEX(البيانات_الأساسية!D:D, MATCH(15, البيانات_الأساسية!$I:$I, 0)), "") -> 0 | F27: =IFERROR(INDEX(البيانات_الأساسية!E:E, MATCH(15, البيانات_الأساسية!$I:$I, 0)), "") -> 0 | G27: =IFERROR(INDEX(البيانات_الأساسية!F:F, MATCH(15, البيانات_الأساسية!$I:$I, 0)), "") -> 0 | H27: =IFERROR(INDEX(البيانات_الأساسية!G:G, MATCH(15, البيانات_الأساسية!$I:$I, 0)), "") -> 0
B28: =IFERROR(INDEX(البيانات_الأساسية!A:A, MATCH(16, البيانات_الأساسية!$I:$I, 0)), "") -> 0 | C28: =IFERROR(INDEX(البيانات_الأساسية!B:B, MATCH(16, البيانات_الأساسية!$I:$I, 0)), "") -> 0 | D28: =IFERROR(INDEX(البيانات_الأساسية!C:C, MATCH(16, البيانات_الأساسية!$I:$I, 0)), "") -> 0 | E28: =IFERROR(INDEX(البيانات_الأساسية!D:D, MATCH(16, البيانات_الأساسية!$I:$I, 0)), "") -> 0 | F28: =IFERROR(INDEX(البيانات_الأساسية!E:E, MATCH(16, البيانات_الأساسية!$I:$I, 0)), "") -> 0 | G28: =IFERROR(INDEX(البيانات_الأساسية!F:F, MATCH(16, البيانات_الأساسية!$I:$I, 0)), "") -> 0 | H28: =IFERROR(INDEX(البيانات_الأساسية!G:G, MATCH(16, البيانات_الأساسية!$I:$I, 0)), "") -> 0
B29: =IFERROR(INDEX(البيانات_الأساسية!A:A, MATCH(17, البيانات_الأساسية!$I:$I, 0)), "") -> 0 | C29: =IFERROR(INDEX(البيانات_الأساسية!B:B, MATCH(17, البيانات_الأساسية!$I:$I, 0)), "") -> 0 | D29: =IFERROR(INDEX(البيانات_الأساسية!C:C, MATCH(17, البيانات_الأساسية!$I:$I, 0)), "") -> 0 | E29: =IFERROR(INDEX(البيانات_الأساسية!D:D, MATCH(17, البيانات_الأساسية!$I:$I, 0)), "") -> 0 | F29: =IFERROR(INDEX(البيانات_الأساسية!E:E, MATCH(17, البيانات_الأساسية!$I:$I, 0)), "") -> 0 | G29: =IFERROR(INDEX(البيانات_الأساسية!F:F, MATCH(17, البيانات_الأساسية!$I:$I, 0)), "") -> 0 | H29: =IFERROR(INDEX(البيانات_الأساسية!G:G, MATCH(17, البيانات_الأساسية!$I:$I, 0)), "") -> 0
B30: =IFERROR(INDEX(البيانات_الأساسية!A:A, MATCH(18, البيانات_الأساسية!$I:$I, 0)), "") -> 0 | C30: =IFERROR(INDEX(البيانات_الأساسية!B:B, MATCH(18, البيانات_الأساسية!$I:$I, 0)), "") -> 0 | D30: =IFERROR(INDEX(البيانات_الأساسية!C:C, MATCH(18, البيانات_الأساسية!$I:$I, 0)), "") -> 0 | E30: =IFERROR(INDEX(البيانات_الأساسية!D:D, MATCH(18, البيانات_الأساسية!$I:$I, 0)), "") -> 0 | F30: =IFERROR(INDEX(البيانات_الأساسية!E:E, MATCH(18, البيانات_الأساسية!$I:$I, 0)), "") -> 0 | G30: =IFERROR(INDEX(البيانات_الأساسية!F:F, MATCH(18, البيانات_الأساسية!$I:$I, 0)), "") -> 0 | H30: =IFERROR(INDEX(البيانات_الأساسية!G:G, MATCH(18, البيانات_الأساسية!$I:$I, 0)), "") -> 0
B31: =IFERROR(INDEX(البيانات_الأساسية!A:A, MATCH(19, البيانات_الأساسية!$I:$I, 0)), "") -> 0 | C31: =IFERROR(INDEX(البيانات_الأساسية!B:B, MATCH(19, البيانات_الأساسية!$I:$I, 0)), "") -> 0 | D31: =IFERROR(INDEX(البيانات_الأساسية!C:C, MATCH(19, البيانات_الأساسية!$I:$I, 0)), "") -> 0 | E31: =IFERROR(INDEX(البيانات_الأساسية!D:D, MATCH(19, البيانات_الأساسية!$I:$I, 0)), "") -> 0 | F31: =IFERROR(INDEX(البيانات_الأساسية!E:E, MATCH(19, البيانات_الأساسية!$I:$I, 0)), "") -> 0 | G31: =IFERROR(INDEX(البيانات_الأساسية!F:F, MATCH(19, البيانات_الأساسية!$I:$I, 0)), "") -> 0 | H31: =IFERROR(INDEX(البيانات_الأساسية!G:G, MATCH(19, البيانات_الأساسية!$I:$I, 0)), "") -> 0
B32: =IFERROR(INDEX(البيانات_الأساسية!A:A, MATCH(20, البيانات_الأساسية!$I:$I, 0)), "") -> 0 | C32: =IFERROR(INDEX(البيانات_الأساسية!B:B, MATCH(20, البيانات_الأساسية!$I:$I, 0)), "") -> 0 | D32: =IFERROR(INDEX(البيانات_الأساسية!C:C, MATCH(20, البيانات_الأساسية!$I:$I, 0)), "") -> 0 | E32: =IFERROR(INDEX(البيانات_الأساسية!D:D, MATCH(20, البيانات_الأساسية!$I:$I, 0)), "") -> 0 | F32: =IFERROR(INDEX(البيانات_الأساسية!E:E, MATCH(20, البيانات_الأساسية!$I:$I, 0)), "") -> 0 | G32: =IFERROR(INDEX(البيانات_الأساسية!F:F, MATCH(20, البيانات_الأساسية!$I:$I, 0)), "") -> 0 | H32: =IFERROR(INDEX(البيانات_الأساسية!G:G, MATCH(20, البيانات_الأساسية!$I:$I, 0)), "") -> 0
B33: =IFERROR(INDEX(البيانات_الأساسية!A:A, MATCH(21, البيانات_الأساسية!$I:$I, 0)), "") -> 0 | C33: =IFERROR(INDEX(البيانات_الأساسية!B:B, MATCH(21, البيانات_الأساسية!$I:$I, 0)), "") -> 0 | D33: =IFERROR(INDEX(البيانات_الأساسية!C:C, MATCH(21, البيانات_الأساسية!$I:$I, 0)), "") -> 0 | E33: =IFERROR(INDEX(البيانات_الأساسية!D:D, MATCH(21, البيانات_الأساسية!$I:$I, 0)), "") -> 0 | F33: =IFERROR(INDEX(البيانات_الأساسية!E:E, MATCH(21, البيانات_الأساسية!$I:$I, 0)), "") -> 0 | G33: =IFERROR(INDEX(البيانات_الأساسية!F:F, MATCH(21, البيانات_الأساسية!$I:$I, 0)), "") -> 0 | H33: =IFERROR(INDEX(البيانات_الأساسية!G:G, MATCH(21, البيانات_الأساسية!$I:$I, 0)), "") -> 0
B34: =IFERROR(INDEX(البيانات_الأساسية!A:A, MATCH(22, البيانات_الأساسية!$I:$I, 0)), "") -> 0 | C34: =IFERROR(INDEX(البيانات_الأساسية!B:B, MATCH(22, البيانات_الأساسية!$I:$I, 0)), "") -> 0 | D34: =IFERROR(INDEX(البيانات_الأساسية!C:C, MATCH(22, البيانات_الأساسية!$I:$I, 0)), "") -> 0 | E34: =IFERROR(INDEX(البيانات_الأساسية!D:D, MATCH(22, البيانات_الأساسية!$I:$I, 0)), "") -> 0 | F34: =IFERROR(INDEX(البيانات_الأساسية!E:E, MATCH(22, البيانات_الأساسية!$I:$I, 0)), "") -> 0 | G34: =IFERROR(INDEX(البيانات_الأساسية!F:F, MATCH(22, البيانات_الأساسية!$I:$I, 0)), "") -> 0 | H34: =IFERROR(INDEX(البيانات_الأساسية!G:G, MATCH(22, البيانات_الأساسية!$I:$I, 0)), "") -> 0
B35: =IFERROR(INDEX(البيانات_الأساسية!A:A, MATCH(23, البيانات_الأساسية!$I:$I, 0)), "") -> 0 | C35: =IFERROR(INDEX(البيانات_الأساسية!B:B, MATCH(23, البيانات_الأساسية!$I:$I, 0)), "") -> 0 | D35: =IFERROR(INDEX(البيانات_الأساسية!C:C, MATCH(23, البيانات_الأساسية!$I:$I, 0)), "") -> 0 | E35: =IFERROR(INDEX(البيانات_الأساسية!D:D, MATCH(23, البيانات_الأساسية!$I:$I, 0)), "") -> 0 | F35: =IFERROR(INDEX(البيانات_الأساسية!E:E, MATCH(23, البيانات_الأساسية!$I:$I, 0)), "") -> 0 | G35: =IFERROR(INDEX(البيانات_الأساسية!F:F, MATCH(23, البيانات_الأساسية!$I:$I, 0)), "") -> 0 | H35: =IFERROR(INDEX(البيانات_الأساسية!G:G, MATCH(23, البيانات_الأساسية!$I:$I, 0)), "") -> 0
B36: =IFERROR(INDEX(البيانات_الأساسية!A:A, MATCH(24, البيانات_الأساسية!$I:$I, 0)), "") -> 0 | C36: =IFERROR(INDEX(البيانات_الأساسية!B:B, MATCH(24, البيانات_الأساسية!$I:$I, 0)), "") -> 0 | D36: =IFERROR(INDEX(البيانات_الأساسية!C:C, MATCH(24, البيانات_الأساسية!$I:$I, 0)), "") -> 0 | E36: =IFERROR(INDEX(البيانات_الأساسية!D:D, MATCH(24, البيانات_الأساسية!$I:$I, 0)), "") -> 0 | F36: =IFERROR(INDEX(البيانات_الأساسية!E:E, MATCH(24, البيانات_الأساسية!$I:$I, 0)), "") -> 0 | G36: =IFERROR(INDEX(البيانات_الأساسية!F:F, MATCH(24, البيانات_الأساسية!$I:$I, 0)), "") -> 0 | H36: =IFERROR(INDEX(البيانات_الأساسية!G:G, MATCH(24, البيانات_الأساسية!$I:$I, 0)), "") -> 0
B37: =IFERROR(INDEX(البيانات_الأساسية!A:A, MATCH(25, البيانات_الأساسية!$I:$I, 0)), "") -> 0 | C37: =IFERROR(INDEX(البيانات_الأساسية!B:B, MATCH(25, البيانات_الأساسية!$I:$I, 0)), "") -> 0 | D37: =IFERROR(INDEX(البيانات_الأساسية!C:C, MATCH(25, البيانات_الأساسية!$I:$I, 0)), "") -> 0 | E37: =IFERROR(INDEX(البيانات_الأساسية!D:D, MATCH(25, البيانات_الأساسية!$I:$I, 0)), "") -> 0 | F37: =IFERROR(INDEX(البيانات_الأساسية!E:E, MATCH(25, البيانات_الأساسية!$I:$I, 0)), "") -> 0 | G37: =IFERROR(INDEX(البيانات_الأساسية!F:F, MATCH(25, البيانات_الأساسية!$I:$I, 0)), "") -> 0 | H37: =IFERROR(INDEX(البيانات_الأساسية!G:G, MATCH(25, البيانات_الأساسية!$I:$I, 0)), "") -> 0
B38: =IFERROR(INDEX(البيانات_الأساسية!A:A, MATCH(26, البيانات_الأساسية!$I:$I, 0)), "") -> 0 | C38: =IFERROR(INDEX(البيانات_الأساسية!B:B, MATCH(26, البيانات_الأساسية!$I:$I, 0)), "") -> 0 | D38: =IFERROR(INDEX(البيانات_الأساسية!C:C, MATCH(26, البيانات_الأساسية!$I:$I, 0)), "") -> 0 | E38: =IFERROR(INDEX(البيانات_الأساسية!D:D, MATCH(26, البيانات_الأساسية!$I:$I, 0)), "") -> 0 | F38: =IFERROR(INDEX(البيانات_الأساسية!E:E, MATCH(26, البيانات_الأساسية!$I:$I, 0)), "") -> 0 | G38: =IFERROR(INDEX(البيانات_الأساسية!F:F, MATCH(26, البيانات_الأساسية!$I:$I, 0)), "") -> 0 | H38: =IFERROR(INDEX(البيانات_الأساسية!G:G, MATCH(26, البيانات_الأساسية!$I:$I, 0)), "") -> 0
B39: =IFERROR(INDEX(البيانات_الأساسية!A:A, MATCH(27, البيانات_الأساسية!$I:$I, 0)), "") -> 0 | C39: =IFERROR(INDEX(البيانات_الأساسية!B:B, MATCH(27, البيانات_الأساسية!$I:$I, 0)), "") -> 0 | D39: =IFERROR(INDEX(البيانات_الأساسية!C:C, MATCH(27, البيانات_الأساسية!$I:$I, 0)), "") -> 0 | E39: =IFERROR(INDEX(البيانات_الأساسية!D:D, MATCH(27, البيانات_الأساسية!$I:$I, 0)), "") -> 0 | F39: =IFERROR(INDEX(البيانات_الأساسية!E:E, MATCH(27, البيانات_الأساسية!$I:$I, 0)), "") -> 0 | G39: =IFERROR(INDEX(البيانات_الأساسية!F:F, MATCH(27, البيانات_الأساسية!$I:$I, 0)), "") -> 0 | H39: =IFERROR(INDEX(البيانات_الأساسية!G:G, MATCH(27, البيانات_الأساسية!$I:$I, 0)), "") -> 0
B40: =IFERROR(INDEX(البيانات_الأساسية!A:A, MATCH(28, البيانات_الأساسية!$I:$I, 0)), "") -> 0 | C40: =IFERROR(INDEX(البيانات_الأساسية!B:B, MATCH(28, البيانات_الأساسية!$I:$I, 0)), "") -> 0 | D40: =IFERROR(INDEX(البيانات_الأساسية!C:C, MATCH(28, البيانات_الأساسية!$I:$I, 0)), "") -> 0 | E40: =IFERROR(INDEX(البيانات_الأساسية!D:D, MATCH(28, البيانات_الأساسية!$I:$I, 0)), "") -> 0 | F40: =IFERROR(INDEX(البيانات_الأساسية!E:E, MATCH(28, البيانات_الأساسية!$I:$I, 0)), "") -> 0 | G40: =IFERROR(INDEX(البيانات_الأساسية!F:F, MATCH(28, البيانات_الأساسية!$I:$I, 0)), "") -> 0 | H40: =IFERROR(INDEX(البيانات_الأساسية!G:G, MATCH(28, البيانات_الأساسية!$I:$I, 0)), "") -> 0
B41: =IFERROR(INDEX(البيانات_الأساسية!A:A, MATCH(29, البيانات_الأساسية!$I:$I, 0)), "") -> 0 | C41: =IFERROR(INDEX(البيانات_الأساسية!B:B, MATCH(29, البيانات_الأساسية!$I:$I, 0)), "") -> 0 | D41: =IFERROR(INDEX(البيانات_الأساسية!C:C, MATCH(29, البيانات_الأساسية!$I:$I, 0)), "") -> 0 | E41: =IFERROR(INDEX(البيانات_الأساسية!D:D, MATCH(29, البيانات_الأساسية!$I:$I, 0)), "") -> 0 | F41: =IFERROR(INDEX(البيانات_الأساسية!E:E, MATCH(29, البيانات_الأساسية!$I:$I, 0)), "") -> 0 | G41: =IFERROR(INDEX(البيانات_الأساسية!F:F, MATCH(29, البيانات_الأساسية!$I:$I, 0)), "") -> 0 | H41: =IFERROR(INDEX(البيانات_الأساسية!G:G, MATCH(29, البيانات_الأساسية!$I:$I, 0)), "") -> 0
B42: =IFERROR(INDEX(البيانات_الأساسية!A:A, MATCH(30, البيانات_الأساسية!$I:$I, 0)), "") -> 0 | C42: =IFERROR(INDEX(البيانات_الأساسية!B:B, MATCH(30, البيانات_الأساسية!$I:$I, 0)), "") -> 0 | D42: =IFERROR(INDEX(البيانات_الأساسية!C:C, MATCH(30, البيانات_الأساسية!$I:$I, 0)), "") -> 0 | E42: =IFERROR(INDEX(البيانات_الأساسية!D:D, MATCH(30, البيانات_الأساسية!$I:$I, 0)), "") -> 0 | F42: =IFERROR(INDEX(البيانات_الأساسية!E:E, MATCH(30, البيانات_الأساسية!$I:$I, 0)), "") -> 0 | G42: =IFERROR(INDEX(البيانات_الأساسية!F:F, MATCH(30, البيانات_الأساسية!$I:$I, 0)), "") -> 0 | H42: =IFERROR(INDEX(البيانات_الأساسية!G:G, MATCH(30, البيانات_الأساسية!$I:$I, 0)), "") -> 0
B43: =IFERROR(INDEX(البيانات_الأساسية!A:A, MATCH(31, البيانات_الأساسية!$I:$I, 0)), "") -> 0 | C43: =IFERROR(INDEX(البيانات_الأساسية!B:B, MATCH(31, البيانات_الأساسية!$I:$I, 0)), "") -> 0 | D43: =IFERROR(INDEX(البيانات_الأساسية!C:C, MATCH(31, البيانات_الأساسية!$I:$I, 0)), "") -> 0 | E43: =IFERROR(INDEX(البيانات_الأساسية!D:D, MATCH(31, البيانات_الأساسية!$I:$I, 0)), "") -> 0 | F43: =IFERROR(INDEX(البيانات_الأساسية!E:E, MATCH(31, البيانات_الأساسية!$I:$I, 0)), "") -> 0 | G43: =IFERROR(INDEX(البيانات_الأساسية!F:F, MATCH(31, البيانات_الأساسية!$I:$I, 0)), "") -> 0 | H43: =IFERROR(INDEX(البيانات_الأساسية!G:G, MATCH(31, البيانات_الأساسية!$I:$I, 0)), "") -> 0
B44: =IFERROR(INDEX(البيانات_الأساسية!A:A, MATCH(32, البيانات_الأساسية!$I:$I, 0)), "") -> 0 | C44: =IFERROR(INDEX(البيانات_الأساسية!B:B, MATCH(32, البيانات_الأساسية!$I:$I, 0)), "") -> 0 | D44: =IFERROR(INDEX(البيانات_الأساسية!C:C, MATCH(32, البيانات_الأساسية!$I:$I, 0)), "") -> 0 | E44: =IFERROR(INDEX(البيانات_الأساسية!D:D, MATCH(32, البيانات_الأساسية!$I:$I, 0)), "") -> 0 | F44: =IFERROR(INDEX(البيانات_الأساسية!E:E, MATCH(32, البيانات_الأساسية!$I:$I, 0)), "") -> 0 | G44: =IFERROR(INDEX(البيانات_الأساسية!F:F, MATCH(32, البيانات_الأساسية!$I:$I, 0)), "") -> 0 | H44: =IFERROR(INDEX(البيانات_الأساسية!G:G, MATCH(32, البيانات_الأساسية!$I:$I, 0)), "") -> 0
B45: =IFERROR(INDEX(البيانات_الأساسية!A:A, MATCH(33, البيانات_الأساسية!$I:$I, 0)), "") -> 0 | C45: =IFERROR(INDEX(البيانات_الأساسية!B:B, MATCH(33, البيانات_الأساسية!$I:$I, 0)), "") -> 0 | D45: =IFERROR(INDEX(البيانات_الأساسية!C:C, MATCH(33, البيانات_الأساسية!$I:$I, 0)), "") -> 0 | E45: =IFERROR(INDEX(البيانات_الأساسية!D:D, MATCH(33, البيانات_الأساسية!$I:$I, 0)), "") -> 0 | F45: =IFERROR(INDEX(البيانات_الأساسية!E:E, MATCH(33, البيانات_الأساسية!$I:$I, 0)), "") -> 0 | G45: =IFERROR(INDEX(البيانات_الأساسية!F:F, MATCH(33, البيانات_الأساسية!$I:$I, 0)), "") -> 0 | H45: =IFERROR(INDEX(البيانات_الأساسية!G:G, MATCH(33, البيانات_الأساسية!$I:$I, 0)), "") -> 0
B46: =IFERROR(INDEX(البيانات_الأساسية!A:A, MATCH(34, البيانات_الأساسية!$I:$I, 0)), "") -> 0 | C46: =IFERROR(INDEX(البيانات_الأساسية!B:B, MATCH(34, البيانات_الأساسية!$I:$I, 0)), "") -> 0 | D46: =IFERROR(INDEX(البيانات_الأساسية!C:C, MATCH(34, البيانات_الأساسية!$I:$I, 0)), "") -> 0 | E46: =IFERROR(INDEX(البيانات_الأساسية!D:D, MATCH(34, البيانات_الأساسية!$I:$I, 0)), "") -> 0 | F46: =IFERROR(INDEX(البيانات_الأساسية!E:E, MATCH(34, البيانات_الأساسية!$I:$I, 0)), "") -> 0 | G46: =IFERROR(INDEX(البيانات_الأساسية!F:F, MATCH(34, البيانات_الأساسية!$I:$I, 0)), "") -> 0 | H46: =IFERROR(INDEX(البيانات_الأساسية!G:G, MATCH(34, البيانات_الأساسية!$I:$I, 0)), "") -> 0
B47: =IFERROR(INDEX(البيانات_الأساسية!A:A, MATCH(35, البيانات_الأساسية!$I:$I, 0)), "") -> 0 | C47: =IFERROR(INDEX(البيانات_الأساسية!B:B, MATCH(35, البيانات_الأساسية!$I:$I, 0)), "") -> 0 | D47: =IFERROR(INDEX(البيانات_الأساسية!C:C, MATCH(35, البيانات_الأساسية!$I:$I, 0)), "") -> 0 | E47: =IFERROR(INDEX(البيانات_الأساسية!D:D, MATCH(35, البيانات_الأساسية!$I:$I, 0)), "") -> 0 | F47: =IFERROR(INDEX(البيانات_الأساسية!E:E, MATCH(35, البيانات_الأساسية!$I:$I, 0)), "") -> 0 | G47: =IFERROR(INDEX(البيانات_الأساسية!F:F, MATCH(35, البيانات_الأساسية!$I:$I, 0)), "") -> 0 | H47: =IFERROR(INDEX(البيانات_الأساسية!G:G, MATCH(35, البيانات_الأساسية!$I:$I, 0)), "") -> 0
B48: =IFERROR(INDEX(البيانات_الأساسية!A:A, MATCH(36, البيانات_الأساسية!$I:$I, 0)), "") -> 0 | C48: =IFERROR(INDEX(البيانات_الأساسية!B:B, MATCH(36, البيانات_الأساسية!$I:$I, 0)), "") -> 0 | D48: =IFERROR(INDEX(البيانات_الأساسية!C:C, MATCH(36, البيانات_الأساسية!$I:$I, 0)), "") -> 0 | E48: =IFERROR(INDEX(البيانات_الأساسية!D:D, MATCH(36, البيانات_الأساسية!$I:$I, 0)), "") -> 0 | F48: =IFERROR(INDEX(البيانات_الأساسية!E:E, MATCH(36, البيانات_الأساسية!$I:$I, 0)), "") -> 0 | G48: =IFERROR(INDEX(البيانات_الأساسية!F:F, MATCH(36, البيانات_الأساسية!$I:$I, 0)), "") -> 0 | H48: =IFERROR(INDEX(البيانات_الأساسية!G:G, MATCH(36, البيانات_الأساسية!$I:$I, 0)), "") -> 0
B49: =IFERROR(INDEX(البيانات_الأساسية!A:A, MATCH(37, البيانات_الأساسية!$I:$I, 0)), "") -> 0 | C49: =IFERROR(INDEX(البيانات_الأساسية!B:B, MATCH(37, البيانات_الأساسية!$I:$I, 0)), "") -> 0 | D49: =IFERROR(INDEX(البيانات_الأساسية!C:C, MATCH(37, البيانات_الأساسية!$I:$I, 0)), "") -> 0 | E49: =IFERROR(INDEX(البيانات_الأساسية!D:D, MATCH(37, البيانات_الأساسية!$I:$I, 0)), "") -> 0 | F49: =IFERROR(INDEX(البيانات_الأساسية!E:E, MATCH(37, البيانات_الأساسية!$I:$I, 0)), "") -> 0 | G49: =IFERROR(INDEX(البيانات_الأساسية!F:F, MATCH(37, البيانات_الأساسية!$I:$I, 0)), "") -> 0 | H49: =IFERROR(INDEX(البيانات_الأساسية!G:G, MATCH(37, البيانات_الأساسية!$I:$I, 0)), "") -> 0
B50: =IFERROR(INDEX(البيانات_الأساسية!A:A, MATCH(38, البيانات_الأساسية!$I:$I, 0)), "") -> 0 | C50: =IFERROR(INDEX(البيانات_الأساسية!B:B, MATCH(38, البيانات_الأساسية!$I:$I, 0)), "") -> 0 | D50: =IFERROR(INDEX(البيانات_الأساسية!C:C, MATCH(38, البيانات_الأساسية!$I:$I, 0)), "") -> 0 | E50: =IFERROR(INDEX(البيانات_الأساسية!D:D, MATCH(38, البيانات_الأساسية!$I:$I, 0)), "") -> 0 | F50: =IFERROR(INDEX(البيانات_الأساسية!E:E, MATCH(38, البيانات_الأساسية!$I:$I, 0)), "") -> 0 | G50: =IFERROR(INDEX(البيانات_الأساسية!F:F, MATCH(38, البيانات_الأساسية!$I:$I, 0)), "") -> 0 | H50: =IFERROR(INDEX(البيانات_الأساسية!G:G, MATCH(38, البيانات_الأساسية!$I:$I, 0)), "") -> 0
B51: =IFERROR(INDEX(البيانات_الأساسية!A:A, MATCH(39, البيانات_الأساسية!$I:$I, 0)), "") -> 0 | C51: =IFERROR(INDEX(البيانات_الأساسية!B:B, MATCH(39, البيانات_الأساسية!$I:$I, 0)), "") -> 0 | D51: =IFERROR(INDEX(البيانات_الأساسية!C:C, MATCH(39, البيانات_الأساسية!$I:$I, 0)), "") -> 0 | E51: =IFERROR(INDEX(البيانات_الأساسية!D:D, MATCH(39, البيانات_الأساسية!$I:$I, 0)), "") -> 0 | F51: =IFERROR(INDEX(البيانات_الأساسية!E:E, MATCH(39, البيانات_الأساسية!$I:$I, 0)), "") -> 0 | G51: =IFERROR(INDEX(البيانات_الأساسية!F:F, MATCH(39, البيانات_الأساسية!$I:$I, 0)), "") -> 0 | H51: =IFERROR(INDEX(البيانات_الأساسية!G:G, MATCH(39, البيانات_الأساسية!$I:$I, 0)), "") -> 0
B52: =IFERROR(INDEX(البيانات_الأساسية!A:A, MATCH(40, البيانات_الأساسية!$I:$I, 0)), "") -> 0 | C52: =IFERROR(INDEX(البيانات_الأساسية!B:B, MATCH(40, البيانات_الأساسية!$I:$I, 0)), "") -> 0 | D52: =IFERROR(INDEX(البيانات_الأساسية!C:C, MATCH(40, البيانات_الأساسية!$I:$I, 0)), "") -> 0 | E52: =IFERROR(INDEX(البيانات_الأساسية!D:D, MATCH(40, البيانات_الأساسية!$I:$I, 0)), "") -> 0 | F52: =IFERROR(INDEX(البيانات_الأساسية!E:E, MATCH(40, البيانات_الأساسية!$I:$I, 0)), "") -> 0 | G52: =IFERROR(INDEX(البيانات_الأساسية!F:F, MATCH(40, البيانات_الأساسية!$I:$I, 0)), "") -> 0 | H52: =IFERROR(INDEX(البيانات_الأساسية!G:G, MATCH(40, البيانات_الأساسية!$I:$I, 0)), "") -> 0
B53: =IFERROR(INDEX(البيانات_الأساسية!A:A, MATCH(41, البيانات_الأساسية!$I:$I, 0)), "") -> 0 | C53: =IFERROR(INDEX(البيانات_الأساسية!B:B, MATCH(41, البيانات_الأساسية!$I:$I, 0)), "") -> 0 | D53: =IFERROR(INDEX(البيانات_الأساسية!C:C, MATCH(41, البيانات_الأساسية!$I:$I, 0)), "") -> 0 | E53: =IFERROR(INDEX(البيانات_الأساسية!D:D, MATCH(41, البيانات_الأساسية!$I:$I, 0)), "") -> 0 | F53: =IFERROR(INDEX(البيانات_الأساسية!E:E, MATCH(41, البيانات_الأساسية!$I:$I, 0)), "") -> 0 | G53: =IFERROR(INDEX(البيانات_الأساسية!F:F, MATCH(41, البيانات_الأساسية!$I:$I, 0)), "") -> 0 | H53: =IFERROR(INDEX(البيانات_الأساسية!G:G, MATCH(41, البيانات_الأساسية!$I:$I, 0)), "") -> 0
B54: =IFERROR(INDEX(البيانات_الأساسية!A:A, MATCH(42, البيانات_الأساسية!$I:$I, 0)), "") -> 0 | C54: =IFERROR(INDEX(البيانات_الأساسية!B:B, MATCH(42, البيانات_الأساسية!$I:$I, 0)), "") -> 0 | D54: =IFERROR(INDEX(البيانات_الأساسية!C:C, MATCH(42, البيانات_الأساسية!$I:$I, 0)), "") -> 0 | E54: =IFERROR(INDEX(البيانات_الأساسية!D:D, MATCH(42, البيانات_الأساسية!$I:$I, 0)), "") -> 0 | F54: =IFERROR(INDEX(البيانات_الأساسية!E:E, MATCH(42, البيانات_الأساسية!$I:$I, 0)), "") -> 0 | G54: =IFERROR(INDEX(البيانات_الأساسية!F:F, MATCH(42, البيانات_الأساسية!$I:$I, 0)), "") -> 0 | H54: =IFERROR(INDEX(البيانات_الأساسية!G:G, MATCH(42, البيانات_الأساسية!$I:$I, 0)), "") -> 0
B55: =IFERROR(INDEX(البيانات_الأساسية!A:A, MATCH(43, البيانات_الأساسية!$I:$I, 0)), "") -> 0 | C55: =IFERROR(INDEX(البيانات_الأساسية!B:B, MATCH(43, البيانات_الأساسية!$I:$I, 0)), "") -> 0 | D55: =IFERROR(INDEX(البيانات_الأساسية!C:C, MATCH(43, البيانات_الأساسية!$I:$I, 0)), "") -> 0 | E55: =IFERROR(INDEX(البيانات_الأساسية!D:D, MATCH(43, البيانات_الأساسية!$I:$I, 0)), "") -> 0 | F55: =IFERROR(INDEX(البيانات_الأساسية!E:E, MATCH(43, البيانات_الأساسية!$I:$I, 0)), "") -> 0 | G55: =IFERROR(INDEX(البيانات_الأساسية!F:F, MATCH(43, البيانات_الأساسية!$I:$I, 0)), "") -> 0 | H55: =IFERROR(INDEX(البيانات_الأساسية!G:G, MATCH(43, البيانات_الأساسية!$I:$I, 0)), "") -> 0
B56: =IFERROR(INDEX(البيانات_الأساسية!A:A, MATCH(44, البيانات_الأساسية!$I:$I, 0)), "") -> 0 | C56: =IFERROR(INDEX(البيانات_الأساسية!B:B, MATCH(44, البيانات_الأساسية!$I:$I, 0)), "") -> 0 | D56: =IFERROR(INDEX(البيانات_الأساسية!C:C, MATCH(44, البيانات_الأساسية!$I:$I, 0)), "") -> 0 | E56: =IFERROR(INDEX(البيانات_الأساسية!D:D, MATCH(44, البيانات_الأساسية!$I:$I, 0)), "") -> 0 | F56: =IFERROR(INDEX(البيانات_الأساسية!E:E, MATCH(44, البيانات_الأساسية!$I:$I, 0)), "") -> 0 | G56: =IFERROR(INDEX(البيانات_الأساسية!F:F, MATCH(44, البيانات_الأساسية!$I:$I, 0)), "") -> 0 | H56: =IFERROR(INDEX(البيانات_الأساسية!G:G, MATCH(44, البيانات_الأساسية!$I:$I, 0)), "") -> 0
B57: =IFERROR(INDEX(البيانات_الأساسية!A:A, MATCH(45, البيانات_الأساسية!$I:$I, 0)), "") -> 0 | C57: =IFERROR(INDEX(البيانات_الأساسية!B:B, MATCH(45, البيانات_الأساسية!$I:$I, 0)), "") -> 0 | D57: =IFERROR(INDEX(البيانات_الأساسية!C:C, MATCH(45, البيانات_الأساسية!$I:$I, 0)), "") -> 0 | E57: =IFERROR(INDEX(البيانات_الأساسية!D:D, MATCH(45, البيانات_الأساسية!$I:$I, 0)), "") -> 0 | F57: =IFERROR(INDEX(البيانات_الأساسية!E:E, MATCH(45, البيانات_الأساسية!$I:$I, 0)), "") -> 0 | G57: =IFERROR(INDEX(البيانات_الأساسية!F:F, MATCH(45, البيانات_الأساسية!$I:$I, 0)), "") -> 0 | H57: =IFERROR(INDEX(البيانات_الأساسية!G:G, MATCH(45, البيانات_الأساسية!$I:$I, 0)), "") -> 0
B58: =IFERROR(INDEX(البيانات_الأساسية!A:A, MATCH(46, البيانات_الأساسية!$I:$I, 0)), "") -> 0 | C58: =IFERROR(INDEX(البيانات_الأساسية!B:B, MATCH(46, البيانات_الأساسية!$I:$I, 0)), "") -> 0 | D58: =IFERROR(INDEX(البيانات_الأساسية!C:C, MATCH(46, البيانات_الأساسية!$I:$I, 0)), "") -> 0 | E58: =IFERROR(INDEX(البيانات_الأساسية!D:D, MATCH(46, البيانات_الأساسية!$I:$I, 0)), "") -> 0 | F58: =IFERROR(INDEX(البيانات_الأساسية!E:E, MATCH(46, البيانات_الأساسية!$I:$I, 0)), "") -> 0 | G58: =IFERROR(INDEX(البيانات_الأساسية!F:F, MATCH(46, البيانات_الأساسية!$I:$I, 0)), "") -> 0 | H58: =IFERROR(INDEX(البيانات_الأساسية!G:G, MATCH(46, البيانات_الأساسية!$I:$I, 0)), "") -> 0
B59: =IFERROR(INDEX(البيانات_الأساسية!A:A, MATCH(47, البيانات_الأساسية!$I:$I, 0)), "") -> 0 | C59: =IFERROR(INDEX(البيانات_الأساسية!B:B, MATCH(47, البيانات_الأساسية!$I:$I, 0)), "") -> 0 | D59: =IFERROR(INDEX(البيانات_الأساسية!C:C, MATCH(47, البيانات_الأساسية!$I:$I, 0)), "") -> 0 | E59: =IFERROR(INDEX(البيانات_الأساسية!D:D, MATCH(47, البيانات_الأساسية!$I:$I, 0)), "") -> 0 | F59: =IFERROR(INDEX(البيانات_الأساسية!E:E, MATCH(47, البيانات_الأساسية!$I:$I, 0)), "") -> 0 | G59: =IFERROR(INDEX(البيانات_الأساسية!F:F, MATCH(47, البيانات_الأساسية!$I:$I, 0)), "") -> 0 | H59: =IFERROR(INDEX(البيانات_الأساسية!G:G, MATCH(47, البيانات_الأساسية!$I:$I, 0)), "") -> 0
B60: =IFERROR(INDEX(البيانات_الأساسية!A:A, MATCH(48, البيانات_الأساسية!$I:$I, 0)), "") -> 0 | C60: =IFERROR(INDEX(البيانات_الأساسية!B:B, MATCH(48, البيانات_الأساسية!$I:$I, 0)), "") -> 0 | D60: =IFERROR(INDEX(البيانات_الأساسية!C:C, MATCH(48, البيانات_الأساسية!$I:$I, 0)), "") -> 0 | E60: =IFERROR(INDEX(البيانات_الأساسية!D:D, MATCH(48, البيانات_الأساسية!$I:$I, 0)), "") -> 0 | F60: =IFERROR(INDEX(البيانات_الأساسية!E:E, MATCH(48, البيانات_الأساسية!$I:$I, 0)), "") -> 0 | G60: =IFERROR(INDEX(البيانات_الأساسية!F:F, MATCH(48, البيانات_الأساسية!$I:$I, 0)), "") -> 0 | H60: =IFERROR(INDEX(البيانات_الأساسية!G:G, MATCH(48, البيانات_الأساسية!$I:$I, 0)), "") -> 0
B61: =IFERROR(INDEX(البيانات_الأساسية!A:A, MATCH(49, البيانات_الأساسية!$I:$I, 0)), "") -> 0 | C61: =IFERROR(INDEX(البيانات_الأساسية!B:B, MATCH(49, البيانات_الأساسية!$I:$I, 0)), "") -> 0 | D61: =IFERROR(INDEX(البيانات_الأساسية!C:C, MATCH(49, البيانات_الأساسية!$I:$I, 0)), "") -> 0 | E61: =IFERROR(INDEX(البيانات_الأساسية!D:D, MATCH(49, البيانات_الأساسية!$I:$I, 0)), "") -> 0 | F61: =IFERROR(INDEX(البيانات_الأساسية!E:E, MATCH(49, البيانات_الأساسية!$I:$I, 0)), "") -> 0 | G61: =IFERROR(INDEX(البيانات_الأساسية!F:F, MATCH(49, البيانات_الأساسية!$I:$I, 0)), "") -> 0 | H61: =IFERROR(INDEX(البيانات_الأساسية!G:G, MATCH(49, البيانات_الأساسية!$I:$I, 0)), "") -> 0
B62: =IFERROR(INDEX(البيانات_الأساسية!A:A, MATCH(50, البيانات_الأساسية!$I:$I, 0)), "") -> 0 | C62: =IFERROR(INDEX(البيانات_الأساسية!B:B, MATCH(50, البيانات_الأساسية!$I:$I, 0)), "") -> 0 | D62: =IFERROR(INDEX(البيانات_الأساسية!C:C, MATCH(50, البيانات_الأساسية!$I:$I, 0)), "") -> 0 | E62: =IFERROR(INDEX(البيانات_الأساسية!D:D, MATCH(50, البيانات_الأساسية!$I:$I, 0)), "") -> 0 | F62: =IFERROR(INDEX(البيانات_الأساسية!E:E, MATCH(50, البيانات_الأساسية!$I:$I, 0)), "") -> 0 | G62: =IFERROR(INDEX(البيانات_الأساسية!F:F, MATCH(50, البيانات_الأساسية!$I:$I, 0)), "") -> 0 | H62: =IFERROR(INDEX(البيانات_الأساسية!G:G, MATCH(50, البيانات_الأساسية!$I:$I, 0)), "") -> 0
B63: =IFERROR(INDEX(البيانات_الأساسية!A:A, MATCH(51, البيانات_الأساسية!$I:$I, 0)), "") -> 0 | C63: =IFERROR(INDEX(البيانات_الأساسية!B:B, MATCH(51, البيانات_الأساسية!$I:$I, 0)), "") -> 0 | D63: =IFERROR(INDEX(البيانات_الأساسية!C:C, MATCH(51, البيانات_الأساسية!$I:$I, 0)), "") -> 0 | E63: =IFERROR(INDEX(البيانات_الأساسية!D:D, MATCH(51, البيانات_الأساسية!$I:$I, 0)), "") -> 0 | F63: =IFERROR(INDEX(البيانات_الأساسية!E:E, MATCH(51, البيانات_الأساسية!$I:$I, 0)), "") -> 0 | G63: =IFERROR(INDEX(البيانات_الأساسية!F:F, MATCH(51, البيانات_الأساسية!$I:$I, 0)), "") -> 0 | H63: =IFERROR(INDEX(البيانات_الأساسية!G:G, MATCH(51, البيانات_الأساسية!$I:$I, 0)), "") -> 0
B64: =IFERROR(INDEX(البيانات_الأساسية!A:A, MATCH(52, البيانات_الأساسية!$I:$I, 0)), "") -> 0 | C64: =IFERROR(INDEX(البيانات_الأساسية!B:B, MATCH(52, البيانات_الأساسية!$I:$I, 0)), "") -> 0 | D64: =IFERROR(INDEX(البيانات_الأساسية!C:C, MATCH(52, البيانات_الأساسية!$I:$I, 0)), "") -> 0 | E64: =IFERROR(INDEX(البيانات_الأساسية!D:D, MATCH(52, البيانات_الأساسية!$I:$I, 0)), "") -> 0 | F64: =IFERROR(INDEX(البيانات_الأساسية!E:E, MATCH(52, البيانات_الأساسية!$I:$I, 0)), "") -> 0 | G64: =IFERROR(INDEX(البيانات_الأساسية!F:F, MATCH(52, البيانات_الأساسية!$I:$I, 0)), "") -> 0 | H64: =IFERROR(INDEX(البيانات_الأساسية!G:G, MATCH(52, البيانات_الأساسية!$I:$I, 0)), "") -> 0
B65: =IFERROR(INDEX(البيانات_الأساسية!A:A, MATCH(53, البيانات_الأساسية!$I:$I, 0)), "") -> 0 | C65: =IFERROR(INDEX(البيانات_الأساسية!B:B, MATCH(53, البيانات_الأساسية!$I:$I, 0)), "") -> 0 | D65: =IFERROR(INDEX(البيانات_الأساسية!C:C, MATCH(53, البيانات_الأساسية!$I:$I, 0)), "") -> 0 | E65: =IFERROR(INDEX(البيانات_الأساسية!D:D, MATCH(53, البيانات_الأساسية!$I:$I, 0)), "") -> 0 | F65: =IFERROR(INDEX(البيانات_الأساسية!E:E, MATCH(53, البيانات_الأساسية!$I:$I, 0)), "") -> 0 | G65: =IFERROR(INDEX(البيانات_الأساسية!F:F, MATCH(53, البيانات_الأساسية!$I:$I, 0)), "") -> 0 | H65: =IFERROR(INDEX(البيانات_الأساسية!G:G, MATCH(53, البيانات_الأساسية!$I:$I, 0)), "") -> 0
B66: =IFERROR(INDEX(البيانات_الأساسية!A:A, MATCH(54, البيانات_الأساسية!$I:$I, 0)), "") -> 0 | C66: =IFERROR(INDEX(البيانات_الأساسية!B:B, MATCH(54, البيانات_الأساسية!$I:$I, 0)), "") -> 0 | D66: =IFERROR(INDEX(البيانات_الأساسية!C:C, MATCH(54, البيانات_الأساسية!$I:$I, 0)), "") -> 0 | E66: =IFERROR(INDEX(البيانات_الأساسية!D:D, MATCH(54, البيانات_الأساسية!$I:$I, 0)), "") -> 0 | F66: =IFERROR(INDEX(البيانات_الأساسية!E:E, MATCH(54, البيانات_الأساسية!$I:$I, 0)), "") -> 0 | G66: =IFERROR(INDEX(البيانات_الأساسية!F:F, MATCH(54, البيانات_الأساسية!$I:$I, 0)), "") -> 0 | H66: =IFERROR(INDEX(البيانات_الأساسية!G:G, MATCH(54, البيانات_الأساسية!$I:$I, 0)), "") -> 0
B67: =IFERROR(INDEX(البيانات_الأساسية!A:A, MATCH(55, البيانات_الأساسية!$I:$I, 0)), "") -> 0 | C67: =IFERROR(INDEX(البيانات_الأساسية!B:B, MATCH(55, البيانات_الأساسية!$I:$I, 0)), "") -> 0 | D67: =IFERROR(INDEX(البيانات_الأساسية!C:C, MATCH(55, البيانات_الأساسية!$I:$I, 0)), "") -> 0 | E67: =IFERROR(INDEX(البيانات_الأساسية!D:D, MATCH(55, البيانات_الأساسية!$I:$I, 0)), "") -> 0 | F67: =IFERROR(INDEX(البيانات_الأساسية!E:E, MATCH(55, البيانات_الأساسية!$I:$I, 0)), "") -> 0 | G67: =IFERROR(INDEX(البيانات_الأساسية!F:F, MATCH(55, البيانات_الأساسية!$I:$I, 0)), "") -> 0 | H67: =IFERROR(INDEX(البيانات_الأساسية!G:G, MATCH(55, البيانات_الأساسية!$I:$I, 0)), "") -> 0
B68: =IFERROR(INDEX(البيانات_الأساسية!A:A, MATCH(56, البيانات_الأساسية!$I:$I, 0)), "") -> 0 | C68: =IFERROR(INDEX(البيانات_الأساسية!B:B, MATCH(56, البيانات_الأساسية!$I:$I, 0)), "") -> 0 | D68: =IFERROR(INDEX(البيانات_الأساسية!C:C, MATCH(56, البيانات_الأساسية!$I:$I, 0)), "") -> 0 | E68: =IFERROR(INDEX(البيانات_الأساسية!D:D, MATCH(56, البيانات_الأساسية!$I:$I, 0)), "") -> 0 | F68: =IFERROR(INDEX(البيانات_الأساسية!E:E, MATCH(56, البيانات_الأساسية!$I:$I, 0)), "") -> 0 | G68: =IFERROR(INDEX(البيانات_الأساسية!F:F, MATCH(56, البيانات_الأساسية!$I:$I, 0)), "") -> 0 | H68: =IFERROR(INDEX(البيانات_الأساسية!G:G, MATCH(56, البيانات_الأساسية!$I:$I, 0)), "") -> 0
B69: =IFERROR(INDEX(البيانات_الأساسية!A:A, MATCH(57, البيانات_الأساسية!$I:$I, 0)), "") -> 0 | C69: =IFERROR(INDEX(البيانات_الأساسية!B:B, MATCH(57, البيانات_الأساسية!$I:$I, 0)), "") -> 0 | D69: =IFERROR(INDEX(البيانات_الأساسية!C:C, MATCH(57, البيانات_الأساسية!$I:$I, 0)), "") -> 0 | E69: =IFERROR(INDEX(البيانات_الأساسية!D:D, MATCH(57, البيانات_الأساسية!$I:$I, 0)), "") -> 0 | F69: =IFERROR(INDEX(البيانات_الأساسية!E:E, MATCH(57, البيانات_الأساسية!$I:$I, 0)), "") -> 0 | G69: =IFERROR(INDEX(البيانات_الأساسية!F:F, MATCH(57, البيانات_الأساسية!$I:$I, 0)), "") -> 0 | H69: =IFERROR(INDEX(البيانات_الأساسية!G:G, MATCH(57, البيانات_الأساسية!$I:$I, 0)), "") -> 0
B70: =IFERROR(INDEX(البيانات_الأساسية!A:A, MATCH(58, البيانات_الأساسية!$I:$I, 0)), "") -> 0 | C70: =IFERROR(INDEX(البيانات_الأساسية!B:B, MATCH(58, البيانات_الأساسية!$I:$I, 0)), "") -> 0 | D70: =IFERROR(INDEX(البيانات_الأساسية!C:C, MATCH(58, البيانات_الأساسية!$I:$I, 0)), "") -> 0 | E70: =IFERROR(INDEX(البيانات_الأساسية!D:D, MATCH(58, البيانات_الأساسية!$I:$I, 0)), "") -> 0 | F70: =IFERROR(INDEX(البيانات_الأساسية!E:E, MATCH(58, البيانات_الأساسية!$I:$I, 0)), "") -> 0 | G70: =IFERROR(INDEX(البيانات_الأساسية!F:F, MATCH(58, البيانات_الأساسية!$I:$I, 0)), "") -> 0 | H70: =IFERROR(INDEX(البيانات_الأساسية!G:G, MATCH(58, البيانات_الأساسية!$I:$I, 0)), "") -> 0
B71: =IFERROR(INDEX(البيانات_الأساسية!A:A, MATCH(59, البيانات_الأساسية!$I:$I, 0)), "") -> 0 | C71: =IFERROR(INDEX(البيانات_الأساسية!B:B, MATCH(59, البيانات_الأساسية!$I:$I, 0)), "") -> 0 | D71: =IFERROR(INDEX(البيانات_الأساسية!C:C, MATCH(59, البيانات_الأساسية!$I:$I, 0)), "") -> 0 | E71: =IFERROR(INDEX(البيانات_الأساسية!D:D, MATCH(59, البيانات_الأساسية!$I:$I, 0)), "") -> 0 | F71: =IFERROR(INDEX(البيانات_الأساسية!E:E, MATCH(59, البيانات_الأساسية!$I:$I, 0)), "") -> 0 | G71: =IFERROR(INDEX(البيانات_الأساسية!F:F, MATCH(59, البيانات_الأساسية!$I:$I, 0)), "") -> 0 | H71: =IFERROR(INDEX(البيانات_الأساسية!G:G, MATCH(59, البيانات_الأساسية!$I:$I, 0)), "") -> 0
B72: =IFERROR(INDEX(البيانات_الأساسية!A:A, MATCH(60, البيانات_الأساسية!$I:$I, 0)), "") -> 0 | C72: =IFERROR(INDEX(البيانات_الأساسية!B:B, MATCH(60, البيانات_الأساسية!$I:$I, 0)), "") -> 0 | D72: =IFERROR(INDEX(البيانات_الأساسية!C:C, MATCH(60, البيانات_الأساسية!$I:$I, 0)), "") -> 0 | E72: =IFERROR(INDEX(البيانات_الأساسية!D:D, MATCH(60, البيانات_الأساسية!$I:$I, 0)), "") -> 0 | F72: =IFERROR(INDEX(البيانات_الأساسية!E:E, MATCH(60, البيانات_الأساسية!$I:$I, 0)), "") -> 0 | G72: =IFERROR(INDEX(البيانات_الأساسية!F:F, MATCH(60, البيانات_الأساسية!$I:$I, 0)), "") -> 0 | H72: =IFERROR(INDEX(البيانات_الأساسية!G:G, MATCH(60, البيانات_الأساسية!$I:$I, 0)), "") -> 0
B73: =IFERROR(INDEX(البيانات_الأساسية!A:A, MATCH(61, البيانات_الأساسية!$I:$I, 0)), "") -> 0 | C73: =IFERROR(INDEX(البيانات_الأساسية!B:B, MATCH(61, البيانات_الأساسية!$I:$I, 0)), "") -> 0 | D73: =IFERROR(INDEX(البيانات_الأساسية!C:C, MATCH(61, البيانات_الأساسية!$I:$I, 0)), "") -> 0 | E73: =IFERROR(INDEX(البيانات_الأساسية!D:D, MATCH(61, البيانات_الأساسية!$I:$I, 0)), "") -> 0 | F73: =IFERROR(INDEX(البيانات_الأساسية!E:E, MATCH(61, البيانات_الأساسية!$I:$I, 0)), "") -> 0 | G73: =IFERROR(INDEX(البيانات_الأساسية!F:F, MATCH(61, البيانات_الأساسية!$I:$I, 0)), "") -> 0 | H73: =IFERROR(INDEX(البيانات_الأساسية!G:G, MATCH(61, البيانات_الأساسية!$I:$I, 0)), "") -> 0
B74: =IFERROR(INDEX(البيانات_الأساسية!A:A, MATCH(62, البيانات_الأساسية!$I:$I, 0)), "") -> 0 | C74: =IFERROR(INDEX(البيانات_الأساسية!B:B, MATCH(62, البيانات_الأساسية!$I:$I, 0)), "") -> 0 | D74: =IFERROR(INDEX(البيانات_الأساسية!C:C, MATCH(62, البيانات_الأساسية!$I:$I, 0)), "") -> 0 | E74: =IFERROR(INDEX(البيانات_الأساسية!D:D, MATCH(62, البيانات_الأساسية!$I:$I, 0)), "") -> 0 | F74: =IFERROR(INDEX(البيانات_الأساسية!E:E, MATCH(62, البيانات_الأساسية!$I:$I, 0)), "") -> 0 | G74: =IFERROR(INDEX(البيانات_الأساسية!F:F, MATCH(62, البيانات_الأساسية!$I:$I, 0)), "") -> 0 | H74: =IFERROR(INDEX(البيانات_الأساسية!G:G, MATCH(62, البيانات_الأساسية!$I:$I, 0)), "") -> 0
B75: =IFERROR(INDEX(البيانات_الأساسية!A:A, MATCH(63, البيانات_الأساسية!$I:$I, 0)), "") -> 0 | C75: =IFERROR(INDEX(البيانات_الأساسية!B:B, MATCH(63, البيانات_الأساسية!$I:$I, 0)), "") -> 0 | D75: =IFERROR(INDEX(البيانات_الأساسية!C:C, MATCH(63, البيانات_الأساسية!$I:$I, 0)), "") -> 0 | E75: =IFERROR(INDEX(البيانات_الأساسية!D:D, MATCH(63, البيانات_الأساسية!$I:$I, 0)), "") -> 0 | F75: =IFERROR(INDEX(البيانات_الأساسية!E:E, MATCH(63, البيانات_الأساسية!$I:$I, 0)), "") -> 0 | G75: =IFERROR(INDEX(البيانات_الأساسية!F:F, MATCH(63, البيانات_الأساسية!$I:$I, 0)), "") -> 0 | H75: =IFERROR(INDEX(البيانات_الأساسية!G:G, MATCH(63, البيانات_الأساسية!$I:$I, 0)), "") -> 0
B76: =IFERROR(INDEX(البيانات_الأساسية!A:A, MATCH(64, البيانات_الأساسية!$I:$I, 0)), "") -> 0 | C76: =IFERROR(INDEX(البيانات_الأساسية!B:B, MATCH(64, البيانات_الأساسية!$I:$I, 0)), "") -> 0 | D76: =IFERROR(INDEX(البيانات_الأساسية!C:C, MATCH(64, البيانات_الأساسية!$I:$I, 0)), "") -> 0 | E76: =IFERROR(INDEX(البيانات_الأساسية!D:D, MATCH(64, البيانات_الأساسية!$I:$I, 0)), "") -> 0 | F76: =IFERROR(INDEX(البيانات_الأساسية!E:E, MATCH(64, البيانات_الأساسية!$I:$I, 0)), "") -> 0 | G76: =IFERROR(INDEX(البيانات_الأساسية!F:F, MATCH(64, البيانات_الأساسية!$I:$I, 0)), "") -> 0 | H76: =IFERROR(INDEX(البيانات_الأساسية!G:G, MATCH(64, البيانات_الأساسية!$I:$I, 0)), "") -> 0
B77: =IFERROR(INDEX(البيانات_الأساسية!A:A, MATCH(65, البيانات_الأساسية!$I:$I, 0)), "") -> 0 | C77: =IFERROR(INDEX(البيانات_الأساسية!B:B, MATCH(65, البيانات_الأساسية!$I:$I, 0)), "") -> 0 | D77: =IFERROR(INDEX(البيانات_الأساسية!C:C, MATCH(65, البيانات_الأساسية!$I:$I, 0)), "") -> 0 | E77: =IFERROR(INDEX(البيانات_الأساسية!D:D, MATCH(65, البيانات_الأساسية!$I:$I, 0)), "") -> 0 | F77: =IFERROR(INDEX(البيانات_الأساسية!E:E, MATCH(65, البيانات_الأساسية!$I:$I, 0)), "") -> 0 | G77: =IFERROR(INDEX(البيانات_الأساسية!F:F, MATCH(65, البيانات_الأساسية!$I:$I, 0)), "") -> 0 | H77: =IFERROR(INDEX(البيانات_الأساسية!G:G, MATCH(65, البيانات_الأساسية!$I:$I, 0)), "") -> 0
B78: =IFERROR(INDEX(البيانات_الأساسية!A:A, MATCH(66, البيانات_الأساسية!$I:$I, 0)), "") -> 0 | C78: =IFERROR(INDEX(البيانات_الأساسية!B:B, MATCH(66, البيانات_الأساسية!$I:$I, 0)), "") -> 0 | D78: =IFERROR(INDEX(البيانات_الأساسية!C:C, MATCH(66, البيانات_الأساسية!$I:$I, 0)), "") -> 0 | E78: =IFERROR(INDEX(البيانات_الأساسية!D:D, MATCH(66, البيانات_الأساسية!$I:$I, 0)), "") -> 0 | F78: =IFERROR(INDEX(البيانات_الأساسية!E:E, MATCH(66, البيانات_الأساسية!$I:$I, 0)), "") -> 0 | G78: =IFERROR(INDEX(البيانات_الأساسية!F:F, MATCH(66, البيانات_الأساسية!$I:$I, 0)), "") -> 0 | H78: =IFERROR(INDEX(البيانات_الأساسية!G:G, MATCH(66, البيانات_الأساسية!$I:$I, 0)), "") -> 0
B79: =IFERROR(INDEX(البيانات_الأساسية!A:A, MATCH(67, البيانات_الأساسية!$I:$I, 0)), "") -> 0 | C79: =IFERROR(INDEX(البيانات_الأساسية!B:B, MATCH(67, البيانات_الأساسية!$I:$I, 0)), "") -> 0 | D79: =IFERROR(INDEX(البيانات_الأساسية!C:C, MATCH(67, البيانات_الأساسية!$I:$I, 0)), "") -> 0 | E79: =IFERROR(INDEX(البيانات_الأساسية!D:D, MATCH(67, البيانات_الأساسية!$I:$I, 0)), "") -> 0 | F79: =IFERROR(INDEX(البيانات_الأساسية!E:E, MATCH(67, البيانات_الأساسية!$I:$I, 0)), "") -> 0 | G79: =IFERROR(INDEX(البيانات_الأساسية!F:F, MATCH(67, البيانات_الأساسية!$I:$I, 0)), "") -> 0 | H79: =IFERROR(INDEX(البيانات_الأساسية!G:G, MATCH(67, البيانات_الأساسية!$I:$I, 0)), "") -> 0
B80: =IFERROR(INDEX(البيانات_الأساسية!A:A, MATCH(68, البيانات_الأساسية!$I:$I, 0)), "") -> 0 | C80: =IFERROR(INDEX(البيانات_الأساسية!B:B, MATCH(68, البيانات_الأساسية!$I:$I, 0)), "") -> 0 | D80: =IFERROR(INDEX(البيانات_الأساسية!C:C, MATCH(68, البيانات_الأساسية!$I:$I, 0)), "") -> 0 | E80: =IFERROR(INDEX(البيانات_الأساسية!D:D, MATCH(68, البيانات_الأساسية!$I:$I, 0)), "") -> 0 | F80: =IFERROR(INDEX(البيانات_الأساسية!E:E, MATCH(68, البيانات_الأساسية!$I:$I, 0)), "") -> 0 | G80: =IFERROR(INDEX(البيانات_الأساسية!F:F, MATCH(68, البيانات_الأساسية!$I:$I, 0)), "") -> 0 | H80: =IFERROR(INDEX(البيانات_الأساسية!G:G, MATCH(68, البيانات_الأساسية!$I:$I, 0)), "") -> 0
B81: =IFERROR(INDEX(البيانات_الأساسية!A:A, MATCH(69, البيانات_الأساسية!$I:$I, 0)), "") -> 0 | C81: =IFERROR(INDEX(البيانات_الأساسية!B:B, MATCH(69, البيانات_الأساسية!$I:$I, 0)), "") -> 0 | D81: =IFERROR(INDEX(البيانات_الأساسية!C:C, MATCH(69, البيانات_الأساسية!$I:$I, 0)), "") -> 0 | E81: =IFERROR(INDEX(البيانات_الأساسية!D:D, MATCH(69, البيانات_الأساسية!$I:$I, 0)), "") -> 0 | F81: =IFERROR(INDEX(البيانات_الأساسية!E:E, MATCH(69, البيانات_الأساسية!$I:$I, 0)), "") -> 0 | G81: =IFERROR(INDEX(البيانات_الأساسية!F:F, MATCH(69, البيانات_الأساسية!$I:$I, 0)), "") -> 0 | H81: =IFERROR(INDEX(البيانات_الأساسية!G:G, MATCH(69, البيانات_الأساسية!$I:$I, 0)), "") -> 0
B82: =IFERROR(INDEX(البيانات_الأساسية!A:A, MATCH(70, البيانات_الأساسية!$I:$I, 0)), "") -> 0 | C82: =IFERROR(INDEX(البيانات_الأساسية!B:B, MATCH(70, البيانات_الأساسية!$I:$I, 0)), "") -> 0 | D82: =IFERROR(INDEX(البيانات_الأساسية!C:C, MATCH(70, البيانات_الأساسية!$I:$I, 0)), "") -> 0 | E82: =IFERROR(INDEX(البيانات_الأساسية!D:D, MATCH(70, البيانات_الأساسية!$I:$I, 0)), "") -> 0 | F82: =IFERROR(INDEX(البيانات_الأساسية!E:E, MATCH(70, البيانات_الأساسية!$I:$I, 0)), "") -> 0 | G82: =IFERROR(INDEX(البيانات_الأساسية!F:F, MATCH(70, البيانات_الأساسية!$I:$I, 0)), "") -> 0 | H82: =IFERROR(INDEX(البيانات_الأساسية!G:G, MATCH(70, البيانات_الأساسية!$I:$I, 0)), "") -> 0
B83: =IFERROR(INDEX(البيانات_الأساسية!A:A, MATCH(71, البيانات_الأساسية!$I:$I, 0)), "") -> 0 | C83: =IFERROR(INDEX(البيانات_الأساسية!B:B, MATCH(71, البيانات_الأساسية!$I:$I, 0)), "") -> 0 | D83: =IFERROR(INDEX(البيانات_الأساسية!C:C, MATCH(71, البيانات_الأساسية!$I:$I, 0)), "") -> 0 | E83: =IFERROR(INDEX(البيانات_الأساسية!D:D, MATCH(71, البيانات_الأساسية!$I:$I, 0)), "") -> 0 | F83: =IFERROR(INDEX(البيانات_الأساسية!E:E, MATCH(71, البيانات_الأساسية!$I:$I, 0)), "") -> 0 | G83: =IFERROR(INDEX(البيانات_الأساسية!F:F, MATCH(71, البيانات_الأساسية!$I:$I, 0)), "") -> 0 | H83: =IFERROR(INDEX(البيانات_الأساسية!G:G, MATCH(71, البيانات_الأساسية!$I:$I, 0)), "") -> 0
B84: =IFERROR(INDEX(البيانات_الأساسية!A:A, MATCH(72, البيانات_الأساسية!$I:$I, 0)), "") -> 0 | C84: =IFERROR(INDEX(البيانات_الأساسية!B:B, MATCH(72, البيانات_الأساسية!$I:$I, 0)), "") -> 0 | D84: =IFERROR(INDEX(البيانات_الأساسية!C:C, MATCH(72, البيانات_الأساسية!$I:$I, 0)), "") -> 0 | E84: =IFERROR(INDEX(البيانات_الأساسية!D:D, MATCH(72, البيانات_الأساسية!$I:$I, 0)), "") -> 0 | F84: =IFERROR(INDEX(البيانات_الأساسية!E:E, MATCH(72, البيانات_الأساسية!$I:$I, 0)), "") -> 0 | G84: =IFERROR(INDEX(البيانات_الأساسية!F:F, MATCH(72, البيانات_الأساسية!$I:$I, 0)), "") -> 0 | H84: =IFERROR(INDEX(البيانات_الأساسية!G:G, MATCH(72, البيانات_الأساسية!$I:$I, 0)), "") -> 0
B85: =IFERROR(INDEX(البيانات_الأساسية!A:A, MATCH(73, البيانات_الأساسية!$I:$I, 0)), "") -> 0 | C85: =IFERROR(INDEX(البيانات_الأساسية!B:B, MATCH(73, البيانات_الأساسية!$I:$I, 0)), "") -> 0 | D85: =IFERROR(INDEX(البيانات_الأساسية!C:C, MATCH(73, البيانات_الأساسية!$I:$I, 0)), "") -> 0 | E85: =IFERROR(INDEX(البيانات_الأساسية!D:D, MATCH(73, البيانات_الأساسية!$I:$I, 0)), "") -> 0 | F85: =IFERROR(INDEX(البيانات_الأساسية!E:E, MATCH(73, البيانات_الأساسية!$I:$I, 0)), "") -> 0 | G85: =IFERROR(INDEX(البيانات_الأساسية!F:F, MATCH(73, البيانات_الأساسية!$I:$I, 0)), "") -> 0 | H85: =IFERROR(INDEX(البيانات_الأساسية!G:G, MATCH(73, البيانات_الأساسية!$I:$I, 0)), "") -> 0
B86: =IFERROR(INDEX(البيانات_الأساسية!A:A, MATCH(74, البيانات_الأساسية!$I:$I, 0)), "") -> 0 | C86: =IFERROR(INDEX(البيانات_الأساسية!B:B, MATCH(74, البيانات_الأساسية!$I:$I, 0)), "") -> 0 | D86: =IFERROR(INDEX(البيانات_الأساسية!C:C, MATCH(74, البيانات_الأساسية!$I:$I, 0)), "") -> 0 | E86: =IFERROR(INDEX(البيانات_الأساسية!D:D, MATCH(74, البيانات_الأساسية!$I:$I, 0)), "") -> 0 | F86: =IFERROR(INDEX(البيانات_الأساسية!E:E, MATCH(74, البيانات_الأساسية!$I:$I, 0)), "") -> 0 | G86: =IFERROR(INDEX(البيانات_الأساسية!F:F, MATCH(74, البيانات_الأساسية!$I:$I, 0)), "") -> 0 | H86: =IFERROR(INDEX(البيانات_الأساسية!G:G, MATCH(74, البيانات_الأساسية!$I:$I, 0)), "") -> 0
B87: =IFERROR(INDEX(البيانات_الأساسية!A:A, MATCH(75, البيانات_الأساسية!$I:$I, 0)), "") -> 0 | C87: =IFERROR(INDEX(البيانات_الأساسية!B:B, MATCH(75, البيانات_الأساسية!$I:$I, 0)), "") -> 0 | D87: =IFERROR(INDEX(البيانات_الأساسية!C:C, MATCH(75, البيانات_الأساسية!$I:$I, 0)), "") -> 0 | E87: =IFERROR(INDEX(البيانات_الأساسية!D:D, MATCH(75, البيانات_الأساسية!$I:$I, 0)), "") -> 0 | F87: =IFERROR(INDEX(البيانات_الأساسية!E:E, MATCH(75, البيانات_الأساسية!$I:$I, 0)), "") -> 0 | G87: =IFERROR(INDEX(البيانات_الأساسية!F:F, MATCH(75, البيانات_الأساسية!$I:$I, 0)), "") -> 0 | H87: =IFERROR(INDEX(البيانات_الأساسية!G:G, MATCH(75, البيانات_الأساسية!$I:$I, 0)), "") -> 0
B88: =IFERROR(INDEX(البيانات_الأساسية!A:A, MATCH(76, البيانات_الأساسية!$I:$I, 0)), "") -> 0 | C88: =IFERROR(INDEX(البيانات_الأساسية!B:B, MATCH(76, البيانات_الأساسية!$I:$I, 0)), "") -> 0 | D88: =IFERROR(INDEX(البيانات_الأساسية!C:C, MATCH(76, البيانات_الأساسية!$I:$I, 0)), "") -> 0 | E88: =IFERROR(INDEX(البيانات_الأساسية!D:D, MATCH(76, البيانات_الأساسية!$I:$I, 0)), "") -> 0 | F88: =IFERROR(INDEX(البيانات_الأساسية!E:E, MATCH(76, البيانات_الأساسية!$I:$I, 0)), "") -> 0 | G88: =IFERROR(INDEX(البيانات_الأساسية!F:F, MATCH(76, البيانات_الأساسية!$I:$I, 0)), "") -> 0 | H88: =IFERROR(INDEX(البيانات_الأساسية!G:G, MATCH(76, البيانات_الأساسية!$I:$I, 0)), "") -> 0
B89: =IFERROR(INDEX(البيانات_الأساسية!A:A, MATCH(77, البيانات_الأساسية!$I:$I, 0)), "") -> 0 | C89: =IFERROR(INDEX(البيانات_الأساسية!B:B, MATCH(77, البيانات_الأساسية!$I:$I, 0)), "") -> 0 | D89: =IFERROR(INDEX(البيانات_الأساسية!C:C, MATCH(77, البيانات_الأساسية!$I:$I, 0)), "") -> 0 | E89: =IFERROR(INDEX(البيانات_الأساسية!D:D, MATCH(77, البيانات_الأساسية!$I:$I, 0)), "") -> 0 | F89: =IFERROR(INDEX(البيانات_الأساسية!E:E, MATCH(77, البيانات_الأساسية!$I:$I, 0)), "") -> 0 | G89: =IFERROR(INDEX(البيانات_الأساسية!F:F, MATCH(77, البيانات_الأساسية!$I:$I, 0)), "") -> 0 | H89: =IFERROR(INDEX(البيانات_الأساسية!G:G, MATCH(77, البيانات_الأساسية!$I:$I, 0)), "") -> 0
B90: =IFERROR(INDEX(البيانات_الأساسية!A:A, MATCH(78, البيانات_الأساسية!$I:$I, 0)), "") -> 0 | C90: =IFERROR(INDEX(البيانات_الأساسية!B:B, MATCH(78, البيانات_الأساسية!$I:$I, 0)), "") -> 0 | D90: =IFERROR(INDEX(البيانات_الأساسية!C:C, MATCH(78, البيانات_الأساسية!$I:$I, 0)), "") -> 0 | E90: =IFERROR(INDEX(البيانات_الأساسية!D:D, MATCH(78, البيانات_الأساسية!$I:$I, 0)), "") -> 0 | F90: =IFERROR(INDEX(البيانات_الأساسية!E:E, MATCH(78, البيانات_الأساسية!$I:$I, 0)), "") -> 0 | G90: =IFERROR(INDEX(البيانات_الأساسية!F:F, MATCH(78, البيانات_الأساسية!$I:$I, 0)), "") -> 0 | H90: =IFERROR(INDEX(البيانات_الأساسية!G:G, MATCH(78, البيانات_الأساسية!$I:$I, 0)), "") -> 0
B91: =IFERROR(INDEX(البيانات_الأساسية!A:A, MATCH(79, البيانات_الأساسية!$I:$I, 0)), "") -> 0 | C91: =IFERROR(INDEX(البيانات_الأساسية!B:B, MATCH(79, البيانات_الأساسية!$I:$I, 0)), "") -> 0 | D91: =IFERROR(INDEX(البيانات_الأساسية!C:C, MATCH(79, البيانات_الأساسية!$I:$I, 0)), "") -> 0 | E91: =IFERROR(INDEX(البيانات_الأساسية!D:D, MATCH(79, البيانات_الأساسية!$I:$I, 0)), "") -> 0 | F91: =IFERROR(INDEX(البيانات_الأساسية!E:E, MATCH(79, البيانات_الأساسية!$I:$I, 0)), "") -> 0 | G91: =IFERROR(INDEX(البيانات_الأساسية!F:F, MATCH(79, البيانات_الأساسية!$I:$I, 0)), "") -> 0 | H91: =IFERROR(INDEX(البيانات_الأساسية!G:G, MATCH(79, البيانات_الأساسية!$I:$I, 0)), "") -> 0
B92: =IFERROR(INDEX(البيانات_الأساسية!A:A, MATCH(80, البيانات_الأساسية!$I:$I, 0)), "") -> 0 | C92: =IFERROR(INDEX(البيانات_الأساسية!B:B, MATCH(80, البيانات_الأساسية!$I:$I, 0)), "") -> 0 | D92: =IFERROR(INDEX(البيانات_الأساسية!C:C, MATCH(80, البيانات_الأساسية!$I:$I, 0)), "") -> 0 | E92: =IFERROR(INDEX(البيانات_الأساسية!D:D, MATCH(80, البيانات_الأساسية!$I:$I, 0)), "") -> 0 | F92: =IFERROR(INDEX(البيانات_الأساسية!E:E, MATCH(80, البيانات_الأساسية!$I:$I, 0)), "") -> 0 | G92: =IFERROR(INDEX(البيانات_الأساسية!F:F, MATCH(80, البيانات_الأساسية!$I:$I, 0)), "") -> 0 | H92: =IFERROR(INDEX(البيانات_الأساسية!G:G, MATCH(80, البيانات_الأساسية!$I:$I, 0)), "") -> 0
B93: =IFERROR(INDEX(البيانات_الأساسية!A:A, MATCH(81, البيانات_الأساسية!$I:$I, 0)), "") -> 0 | C93: =IFERROR(INDEX(البيانات_الأساسية!B:B, MATCH(81, البيانات_الأساسية!$I:$I, 0)), "") -> 0 | D93: =IFERROR(INDEX(البيانات_الأساسية!C:C, MATCH(81, البيانات_الأساسية!$I:$I, 0)), "") -> 0 | E93: =IFERROR(INDEX(البيانات_الأساسية!D:D, MATCH(81, البيانات_الأساسية!$I:$I, 0)), "") -> 0 | F93: =IFERROR(INDEX(البيانات_الأساسية!E:E, MATCH(81, البيانات_الأساسية!$I:$I, 0)), "") -> 0 | G93: =IFERROR(INDEX(البيانات_الأساسية!F:F, MATCH(81, البيانات_الأساسية!$I:$I, 0)), "") -> 0 | H93: =IFERROR(INDEX(البيانات_الأساسية!G:G, MATCH(81, البيانات_الأساسية!$I:$I, 0)), "") -> 0
B94: =IFERROR(INDEX(البيانات_الأساسية!A:A, MATCH(82, البيانات_الأساسية!$I:$I, 0)), "") -> 0 | C94: =IFERROR(INDEX(البيانات_الأساسية!B:B, MATCH(82, البيانات_الأساسية!$I:$I, 0)), "") -> 0 | D94: =IFERROR(INDEX(البيانات_الأساسية!C:C, MATCH(82, البيانات_الأساسية!$I:$I, 0)), "") -> 0 | E94: =IFERROR(INDEX(البيانات_الأساسية!D:D, MATCH(82, البيانات_الأساسية!$I:$I, 0)), "") -> 0 | F94: =IFERROR(INDEX(البيانات_الأساسية!E:E, MATCH(82, البيانات_الأساسية!$I:$I, 0)), "") -> 0 | G94: =IFERROR(INDEX(البيانات_الأساسية!F:F, MATCH(82, البيانات_الأساسية!$I:$I, 0)), "") -> 0 | H94: =IFERROR(INDEX(البيانات_الأساسية!G:G, MATCH(82, البيانات_الأساسية!$I:$I, 0)), "") -> 0
B95: =IFERROR(INDEX(البيانات_الأساسية!A:A, MATCH(83, البيانات_الأساسية!$I:$I, 0)), "") -> 0 | C95: =IFERROR(INDEX(البيانات_الأساسية!B:B, MATCH(83, البيانات_الأساسية!$I:$I, 0)), "") -> 0 | D95: =IFERROR(INDEX(البيانات_الأساسية!C:C, MATCH(83, البيانات_الأساسية!$I:$I, 0)), "") -> 0 | E95: =IFERROR(INDEX(البيانات_الأساسية!D:D, MATCH(83, البيانات_الأساسية!$I:$I, 0)), "") -> 0 | F95: =IFERROR(INDEX(البيانات_الأساسية!E:E, MATCH(83, البيانات_الأساسية!$I:$I, 0)), "") -> 0 | G95: =IFERROR(INDEX(البيانات_الأساسية!F:F, MATCH(83, البيانات_الأساسية!$I:$I, 0)), "") -> 0 | H95: =IFERROR(INDEX(البيانات_الأساسية!G:G, MATCH(83, البيانات_الأساسية!$I:$I, 0)), "") -> 0
B96: =IFERROR(INDEX(البيانات_الأساسية!A:A, MATCH(84, البيانات_الأساسية!$I:$I, 0)), "") -> 0 | C96: =IFERROR(INDEX(البيانات_الأساسية!B:B, MATCH(84, البيانات_الأساسية!$I:$I, 0)), "") -> 0 | D96: =IFERROR(INDEX(البيانات_الأساسية!C:C, MATCH(84, البيانات_الأساسية!$I:$I, 0)), "") -> 0 | E96: =IFERROR(INDEX(البيانات_الأساسية!D:D, MATCH(84, البيانات_الأساسية!$I:$I, 0)), "") -> 0 | F96: =IFERROR(INDEX(البيانات_الأساسية!E:E, MATCH(84, البيانات_الأساسية!$I:$I, 0)), "") -> 0 | G96: =IFERROR(INDEX(البيانات_الأساسية!F:F, MATCH(84, البيانات_الأساسية!$I:$I, 0)), "") -> 0 | H96: =IFERROR(INDEX(البيانات_الأساسية!G:G, MATCH(84, البيانات_الأساسية!$I:$I, 0)), "") -> 0
B97: =IFERROR(INDEX(البيانات_الأساسية!A:A, MATCH(85, البيانات_الأساسية!$I:$I, 0)), "") -> 0 | C97: =IFERROR(INDEX(البيانات_الأساسية!B:B, MATCH(85, البيانات_الأساسية!$I:$I, 0)), "") -> 0 | D97: =IFERROR(INDEX(البيانات_الأساسية!C:C, MATCH(85, البيانات_الأساسية!$I:$I, 0)), "") -> 0 | E97: =IFERROR(INDEX(البيانات_الأساسية!D:D, MATCH(85, البيانات_الأساسية!$I:$I, 0)), "") -> 0 | F97: =IFERROR(INDEX(البيانات_الأساسية!E:E, MATCH(85, البيانات_الأساسية!$I:$I, 0)), "") -> 0 | G97: =IFERROR(INDEX(البيانات_الأساسية!F:F, MATCH(85, البيانات_الأساسية!$I:$I, 0)), "") -> 0 | H97: =IFERROR(INDEX(البيانات_الأساسية!G:G, MATCH(85, البيانات_الأساسية!$I:$I, 0)), "") -> 0
B98: =IFERROR(INDEX(البيانات_الأساسية!A:A, MATCH(86, البيانات_الأساسية!$I:$I, 0)), "") -> 0 | C98: =IFERROR(INDEX(البيانات_الأساسية!B:B, MATCH(86, البيانات_الأساسية!$I:$I, 0)), "") -> 0 | D98: =IFERROR(INDEX(البيانات_الأساسية!C:C, MATCH(86, البيانات_الأساسية!$I:$I, 0)), "") -> 0 | E98: =IFERROR(INDEX(البيانات_الأساسية!D:D, MATCH(86, البيانات_الأساسية!$I:$I, 0)), "") -> 0 | F98: =IFERROR(INDEX(البيانات_الأساسية!E:E, MATCH(86, البيانات_الأساسية!$I:$I, 0)), "") -> 0 | G98: =IFERROR(INDEX(البيانات_الأساسية!F:F, MATCH(86, البيانات_الأساسية!$I:$I, 0)), "") -> 0 | H98: =IFERROR(INDEX(البيانات_الأساسية!G:G, MATCH(86, البيانات_الأساسية!$I:$I, 0)), "") -> 0
B99: =IFERROR(INDEX(البيانات_الأساسية!A:A, MATCH(87, البيانات_الأساسية!$I:$I, 0)), "") -> 0 | C99: =IFERROR(INDEX(البيانات_الأساسية!B:B, MATCH(87, البيانات_الأساسية!$I:$I, 0)), "") -> 0 | D99: =IFERROR(INDEX(البيانات_الأساسية!C:C, MATCH(87, البيانات_الأساسية!$I:$I, 0)), "") -> 0 | E99: =IFERROR(INDEX(البيانات_الأساسية!D:D, MATCH(87, البيانات_الأساسية!$I:$I, 0)), "") -> 0 | F99: =IFERROR(INDEX(البيانات_الأساسية!E:E, MATCH(87, البيانات_الأساسية!$I:$I, 0)), "") -> 0 | G99: =IFERROR(INDEX(البيانات_الأساسية!F:F, MATCH(87, البيانات_الأساسية!$I:$I, 0)), "") -> 0 | H99: =IFERROR(INDEX(البيانات_الأساسية!G:G, MATCH(87, البيانات_الأساسية!$I:$I, 0)), "") -> 0
B100: =IFERROR(INDEX(البيانات_الأساسية!A:A, MATCH(88, البيانات_الأساسية!$I:$I, 0)), "") -> 0 | C100: =IFERROR(INDEX(البيانات_الأساسية!B:B, MATCH(88, البيانات_الأساسية!$I:$I, 0)), "") -> 0 | D100: =IFERROR(INDEX(البيانات_الأساسية!C:C, MATCH(88, البيانات_الأساسية!$I:$I, 0)), "") -> 0 | E100: =IFERROR(INDEX(البيانات_الأساسية!D:D, MATCH(88, البيانات_الأساسية!$I:$I, 0)), "") -> 0 | F100: =IFERROR(INDEX(البيانات_الأساسية!E:E, MATCH(88, البيانات_الأساسية!$I:$I, 0)), "") -> 0 | G100: =IFERROR(INDEX(البيانات_الأساسية!F:F, MATCH(88, البيانات_الأساسية!$I:$I, 0)), "") -> 0 | H100: =IFERROR(INDEX(البيانات_الأساسية!G:G, MATCH(88, البيانات_الأساسية!$I:$I, 0)), "") -> 0
B101: =IFERROR(INDEX(البيانات_الأساسية!A:A, MATCH(89, البيانات_الأساسية!$I:$I, 0)), "") -> 0 | C101: =IFERROR(INDEX(البيانات_الأساسية!B:B, MATCH(89, البيانات_الأساسية!$I:$I, 0)), "") -> 0 | D101: =IFERROR(INDEX(البيانات_الأساسية!C:C, MATCH(89, البيانات_الأساسية!$I:$I, 0)), "") -> 0 | E101: =IFERROR(INDEX(البيانات_الأساسية!D:D, MATCH(89, البيانات_الأساسية!$I:$I, 0)), "") -> 0 | F101: =IFERROR(INDEX(البيانات_الأساسية!E:E, MATCH(89, البيانات_الأساسية!$I:$I, 0)), "") -> 0 | G101: =IFERROR(INDEX(البيانات_الأساسية!F:F, MATCH(89, البيانات_الأساسية!$I:$I, 0)), "") -> 0 | H101: =IFERROR(INDEX(البيانات_الأساسية!G:G, MATCH(89, البيانات_الأساسية!$I:$I, 0)), "") -> 0
B102: =IFERROR(INDEX(البيانات_الأساسية!A:A, MATCH(90, البيانات_الأساسية!$I:$I, 0)), "") -> 0 | C102: =IFERROR(INDEX(البيانات_الأساسية!B:B, MATCH(90, البيانات_الأساسية!$I:$I, 0)), "") -> 0 | D102: =IFERROR(INDEX(البيانات_الأساسية!C:C, MATCH(90, البيانات_الأساسية!$I:$I, 0)), "") -> 0 | E102: =IFERROR(INDEX(البيانات_الأساسية!D:D, MATCH(90, البيانات_الأساسية!$I:$I, 0)), "") -> 0 | F102: =IFERROR(INDEX(البيانات_الأساسية!E:E, MATCH(90, البيانات_الأساسية!$I:$I, 0)), "") -> 0 | G102: =IFERROR(INDEX(البيانات_الأساسية!F:F, MATCH(90, البيانات_الأساسية!$I:$I, 0)), "") -> 0 | H102: =IFERROR(INDEX(البيانات_الأساسية!G:G, MATCH(90, البيانات_الأساسية!$I:$I, 0)), "") -> 0
B103: =IFERROR(INDEX(البيانات_الأساسية!A:A, MATCH(91, البيانات_الأساسية!$I:$I, 0)), "") -> 0 | C103: =IFERROR(INDEX(البيانات_الأساسية!B:B, MATCH(91, البيانات_الأساسية!$I:$I, 0)), "") -> 0 | D103: =IFERROR(INDEX(البيانات_الأساسية!C:C, MATCH(91, البيانات_الأساسية!$I:$I, 0)), "") -> 0 | E103: =IFERROR(INDEX(البيانات_الأساسية!D:D, MATCH(91, البيانات_الأساسية!$I:$I, 0)), "") -> 0 | F103: =IFERROR(INDEX(البيانات_الأساسية!E:E, MATCH(91, البيانات_الأساسية!$I:$I, 0)), "") -> 0 | G103: =IFERROR(INDEX(البيانات_الأساسية!F:F, MATCH(91, البيانات_الأساسية!$I:$I, 0)), "") -> 0 | H103: =IFERROR(INDEX(البيانات_الأساسية!G:G, MATCH(91, البيانات_الأساسية!$I:$I, 0)), "") -> 0
B104: =IFERROR(INDEX(البيانات_الأساسية!A:A, MATCH(92, البيانات_الأساسية!$I:$I, 0)), "") -> 0 | C104: =IFERROR(INDEX(البيانات_الأساسية!B:B, MATCH(92, البيانات_الأساسية!$I:$I, 0)), "") -> 0 | D104: =IFERROR(INDEX(البيانات_الأساسية!C:C, MATCH(92, البيانات_الأساسية!$I:$I, 0)), "") -> 0 | E104: =IFERROR(INDEX(البيانات_الأساسية!D:D, MATCH(92, البيانات_الأساسية!$I:$I, 0)), "") -> 0 | F104: =IFERROR(INDEX(البيانات_الأساسية!E:E, MATCH(92, البيانات_الأساسية!$I:$I, 0)), "") -> 0 | G104: =IFERROR(INDEX(البيانات_الأساسية!F:F, MATCH(92, البيانات_الأساسية!$I:$I, 0)), "") -> 0 | H104: =IFERROR(INDEX(البيانات_الأساسية!G:G, MATCH(92, البيانات_الأساسية!$I:$I, 0)), "") -> 0
B105: =IFERROR(INDEX(البيانات_الأساسية!A:A, MATCH(93, البيانات_الأساسية!$I:$I, 0)), "") -> 0 | C105: =IFERROR(INDEX(البيانات_الأساسية!B:B, MATCH(93, البيانات_الأساسية!$I:$I, 0)), "") -> 0 | D105: =IFERROR(INDEX(البيانات_الأساسية!C:C, MATCH(93, البيانات_الأساسية!$I:$I, 0)), "") -> 0 | E105: =IFERROR(INDEX(البيانات_الأساسية!D:D, MATCH(93, البيانات_الأساسية!$I:$I, 0)), "") -> 0 | F105: =IFERROR(INDEX(البيانات_الأساسية!E:E, MATCH(93, البيانات_الأساسية!$I:$I, 0)), "") -> 0 | G105: =IFERROR(INDEX(البيانات_الأساسية!F:F, MATCH(93, البيانات_الأساسية!$I:$I, 0)), "") -> 0 | H105: =IFERROR(INDEX(البيانات_الأساسية!G:G, MATCH(93, البيانات_الأساسية!$I:$I, 0)), "") -> 0
B106: =IFERROR(INDEX(البيانات_الأساسية!A:A, MATCH(94, البيانات_الأساسية!$I:$I, 0)), "") -> 0 | C106: =IFERROR(INDEX(البيانات_الأساسية!B:B, MATCH(94, البيانات_الأساسية!$I:$I, 0)), "") -> 0 | D106: =IFERROR(INDEX(البيانات_الأساسية!C:C, MATCH(94, البيانات_الأساسية!$I:$I, 0)), "") -> 0 | E106: =IFERROR(INDEX(البيانات_الأساسية!D:D, MATCH(94, البيانات_الأساسية!$I:$I, 0)), "") -> 0 | F106: =IFERROR(INDEX(البيانات_الأساسية!E:E, MATCH(94, البيانات_الأساسية!$I:$I, 0)), "") -> 0 | G106: =IFERROR(INDEX(البيانات_الأساسية!F:F, MATCH(94, البيانات_الأساسية!$I:$I, 0)), "") -> 0 | H106: =IFERROR(INDEX(البيانات_الأساسية!G:G, MATCH(94, البيانات_الأساسية!$I:$I, 0)), "") -> 0
...
